CREATE SCHEMA IF NOT EXISTS trading_platform;
USE trading_platform;
DROP TABLE IF EXISTS trades;
DROP TABLE IF EXISTS broker_stock_ex;
DROP TABLE IF EXISTS shares_prices;
DROP TABLE IF EXISTS shares;
DROP TABLE IF EXISTS stock_exchanges;
DROP TABLE IF EXISTS companies;
DROP TABLE IF EXISTS brokers;
DROP TABLE IF EXISTS currencies;
DROP TABLE IF EXISTS places;

CREATE TABLE places (
  place_id          INT,
  city              VARCHAR(50),
  country           VARCHAR(50),
  CONSTRAINT places_pk PRIMARY KEY (place_id)
);

CREATE TABLE currencies (
  currency_id       INT,
  currency_symbol   VARCHAR(5),
  currency_name     VARCHAR(50),
  CONSTRAINT currencies_pk PRIMARY KEY (currency_id)
);

CREATE TABLE brokers (
  broker_id         INT,
  first_name        VARCHAR(25),
  last_name         VARCHAR(25),
  CONSTRAINT brokers_pk PRIMARY KEY (broker_id)
);

CREATE TABLE companies (
  company_id        INT,
  company_name      VARCHAR(20),
  place_id          INT,
  CONSTRAINT companies_pk PRIMARY KEY (company_id),
  CONSTRAINT comp_places_fk FOREIGN KEY (place_id) REFERENCES places (place_id)
);

CREATE TABLE stock_exchanges (
  stock_ex_id       INT,
  stock_ex_name     VARCHAR(50),
  stock_ex_symbol   VARCHAR(10),
  place_id          INT,
  CONSTRAINT stock_ex_pk PRIMARY KEY (stock_ex_id),
  CONSTRAINT se_places_fk FOREIGN KEY (place_id) REFERENCES places (place_id)
);

CREATE TABLE broker_stock_ex (
  broker_id         INT,
  stock_ex_id       INT,
  CONSTRAINT bse_pk PRIMARY KEY (broker_id, stock_ex_id),
  CONSTRAINT bse_brokers_fk FOREIGN KEY (broker_id) REFERENCES brokers (broker_id),
  CONSTRAINT bse_se_fk FOREIGN KEY (stock_ex_id) REFERENCES stock_exchanges (stock_ex_id)
);

CREATE TABLE shares (
  share_id          INT,
  company_id        INT,
  currency_id       INT,
  CONSTRAINT shares_pk PRIMARY KEY (share_id),
  CONSTRAINT shares_companies_fk FOREIGN KEY (company_id) REFERENCES companies (company_id),
  CONSTRAINT shares_currencies_fk FOREIGN KEY (currency_id) REFERENCES currencies (currency_id)
);

CREATE TABLE shares_prices (
  share_id          INT,
  price             DECIMAL(10,4),
  time_start        DATETIME,
  time_end          DATETIME,
  CONSTRAINT shares_prices_pk PRIMARY KEY (share_id, time_start),
  CONSTRAINT sp_shares_fk FOREIGN KEY (share_id) REFERENCES shares (share_id)
);

CREATE TABLE trades (
  trade_id          INT,
  share_id          INT,
  broker_id         INT,
  stock_ex_id       INT,
  transaction_time  DATETIME,
  share_amount      INT,
  price_total       DECIMAL(20,2),
  CONSTRAINT trades_pk PRIMARY KEY (trade_id),
  CONSTRAINT trades_shares_fk FOREIGN KEY (share_id) REFERENCES shares (share_id),
  CONSTRAINT trades_brokers_fk FOREIGN KEY (broker_id) REFERENCES brokers (broker_id),
  CONSTRAINT trades_stock_ex_fk FOREIGN KEY (stock_ex_id) REFERENCES stock_exchanges (stock_ex_id)
);

INSERT INTO places (place_id,city,country) VALUES (1,'London','United Kingdom');
INSERT INTO places (place_id,city,country) VALUES (2,'Paris','France');
INSERT INTO places (place_id,city,country) VALUES (3,'New York','USA');
INSERT INTO places (place_id,city,country) VALUES (4,'Tokyo','Japan');
INSERT INTO places (place_id,city,country) VALUES (5,'Sydney','Australia');
INSERT INTO places (place_id,city,country) VALUES (6,'Moscow','Russia');

INSERT INTO currencies (currency_id,currency_symbol,currency_name) VALUES (1,'US $','US Dollar');
INSERT INTO currencies (currency_id,currency_symbol,currency_name) VALUES (2,'€','Euro');
INSERT INTO currencies (currency_id,currency_symbol,currency_name) VALUES (3,'AU $','Australian Dollar');
INSERT INTO currencies (currency_id,currency_symbol,currency_name) VALUES (4,'£','British Pound');
INSERT INTO currencies (currency_id,currency_symbol,currency_name) VALUES (5,'¥','Yen');

INSERT INTO brokers (broker_id,first_name,last_name) VALUES (1,'John','Smith');
INSERT INTO brokers (broker_id,first_name,last_name) VALUES (2,'Sumaira','Amiri');
INSERT INTO brokers (broker_id,first_name,last_name) VALUES (3,'Ali','Abdo');
INSERT INTO brokers (broker_id,first_name,last_name) VALUES (4,'Fan','Jinjing');
INSERT INTO brokers (broker_id,first_name,last_name) VALUES (5,'Masozi','Okorie');
INSERT INTO brokers (broker_id,first_name,last_name) VALUES (6,'Sasha','Kulikova');
INSERT INTO brokers (broker_id,first_name,last_name) VALUES (7,'John','Bush');
INSERT INTO brokers (broker_id,first_name,last_name) VALUES (8,'Leta','Okeke');
INSERT INTO brokers (broker_id,first_name,last_name) VALUEs (9,'Ravi','Mangal');
INSERT INTO brokers (broker_id,first_name,last_name) VALUES (10,'Magdalena','Szczepanski');
INSERT INTO brokers (broker_id,first_name,last_name) VALUES (11,'Taji','Ademola');
INSERT INTO brokers (broker_id,first_name,last_name) VALUES (12,'Mayamiko','Otieno');
INSERT INTO brokers (broker_id,first_name,last_name) VALUES (13,'Leon','Salton');
INSERT INTO brokers (broker_id,first_name,last_name) VALUES (14,'Satareh','Shirazi');
INSERT INTO brokers (broker_id,first_name,last_name) VALUES (15,'Mahmoud','Karimi');

INSERT INTO companies (company_id,company_name,place_id) VALUES (1,'British Airways',1);
INSERT INTO companies (company_id,company_name,place_id) VALUES (2,'The New York Times',3);
INSERT INTO companies (company_id,company_name,place_id) VALUES (3,'Toyota',3);
INSERT INTO companies (company_id,company_name,place_id) VALUES (4,'BNP Paribas',2);
INSERT INTO companies (company_id,company_name,place_id) VALUES (5,'EDF',2);
INSERT INTO companies (company_id,company_name,place_id) VALUES (6,'Tesco',1);
INSERT INTO companies (company_id,company_name,place_id) VALUES (7,'IBM',1);
INSERT INTO companies (company_id,company_name,place_id) VALUES (8,'Google',3);
INSERT INTO companies (company_id,company_name,place_id) VALUES (9,'Castlemaine',5);

INSERT INTO stock_exchanges (stock_ex_id,stock_ex_name,stock_ex_symbol,place_id) VALUES (1,'London Stock Exchange','LSE',1);
INSERT INTO stock_exchanges (stock_ex_id,stock_ex_name,stock_ex_symbol,place_id) VALUES (2,'Euronext Paris','EP',2);
INSERT INTO stock_exchanges (stock_ex_id,stock_ex_name,stock_ex_symbol,place_id) VALUES (3,'New York Stock Exchange','NYSE',3);
INSERT INTO stock_exchanges (stock_ex_id,stock_ex_name,stock_ex_symbol,place_id) VALUES (4,'Tokyo Stock Exchange','TSE',4);
INSERT INTO stock_exchanges (stock_ex_id,stock_ex_name,stock_ex_symbol,place_id) VALUES (5,'Moscow Stock Exchange','MSE',6);

INSERT INTO broker_stock_ex (broker_id,stock_ex_id) VALUES (13,2);
INSERT INTO broker_stock_ex (broker_id,stock_ex_id) VALUES (15,4);
INSERT INTO broker_stock_ex (broker_id,stock_ex_id) VALUES (2,1);
INSERT INTO broker_stock_ex (broker_id,stock_ex_id) VALUES (6,2);
INSERT INTO broker_stock_ex (broker_id,stock_ex_id) VALUES (14,4);
INSERT INTO broker_stock_ex (broker_id,stock_ex_id) VALUES (15,2);
INSERT INTO broker_stock_ex (broker_id,stock_ex_id) VALUES (14,3);
INSERT INTO broker_stock_ex (broker_id,stock_ex_id) VALUES (7,2);
INSERT INTO broker_stock_ex (broker_id,stock_ex_id) VALUES (7,3);
INSERT INTO broker_stock_ex (broker_id,stock_ex_id) VALUES (12,3);
INSERT INTO broker_stock_ex (broker_id,stock_ex_id) VALUES (8,3);
INSERT INTO broker_stock_ex (broker_id,stock_ex_id) VALUES (1,1);
INSERT INTO broker_stock_ex (broker_id,stock_ex_id) VALUES (9,1);
INSERT INTO broker_stock_ex (broker_id,stock_ex_id) VALUES (1,4);
INSERT INTO broker_stock_ex (broker_id,stock_ex_id) VALUES (13,4);
INSERT INTO broker_stock_ex (broker_id,stock_ex_id) VALUES (1,2);
INSERT INTO broker_stock_ex (broker_id,stock_ex_id) VALUES (11,4);
INSERT INTO broker_stock_ex (broker_id,stock_ex_id) VALUES (1,3);
INSERT INTO broker_stock_ex (broker_id,stock_ex_id) VALUES (3,1);
INSERT INTO broker_stock_ex (broker_id,stock_ex_id) VALUES (3,3);
INSERT INTO broker_stock_ex (broker_id,stock_ex_id) VALUES (10,1);
INSERT INTO broker_stock_ex (broker_id,stock_ex_id) VALUES (4,1);
INSERT INTO broker_stock_ex (broker_id,stock_ex_id) VALUES (4,2);
INSERT INTO broker_stock_ex (broker_id,stock_ex_id) VALUES (4,3);
INSERT INTO broker_stock_ex (broker_id,stock_ex_id) VALUES (4,4);
INSERT INTO broker_stock_ex (broker_id,stock_ex_id) VALUES (11,2);
INSERT INTO broker_stock_ex (broker_id,stock_ex_id) VALUES (5,1);
INSERT INTO broker_stock_ex (broker_id,stock_ex_id) VALUES (5,2);
INSERT INTO broker_stock_ex (broker_id,stock_ex_id) VALUES (5,3);
INSERT INTO broker_stock_ex (broker_id,stock_ex_id) VALUES (12,1);
INSERT INTO broker_stock_ex (broker_id,stock_ex_id) VALUES (15,3);

INSERT INTO shares (share_id,company_id,currency_id) VALUES (1,8,1);
INSERT INTO shares (share_id,company_id,currency_id) VALUES (2,1,4);
INSERT INTO shares (share_id,company_id,currency_id) VALUES (3,2,1);
INSERT INTO shares (share_id,company_id,currency_id) VALUES (4,3,1);
INSERT INTO shares (share_id,company_id,currency_id) VALUES (5,4,2);
INSERT INTO shares (share_id,company_id,currency_id) VALUES (6,5,2);
INSERT INTO shares (share_id,company_id,currency_id) VALUES (7,6,4);
INSERT INTO shares (share_id,company_id,currency_id) VALUES (8,7,1);

INSERT INTO shares_prices (share_id,time_start,time_end,price) VALUES (1,DATE_ADD(CURDATE(), INTERVAL 0 DAY),null,468.15);
INSERT INTO shares_prices (share_id,time_start,time_end,price) VALUES (1,DATE_ADD(CURDATE(), INTERVAL -3 DAY),DATE_ADD(CURDATE(), INTERVAL -1 DAY),474.06);
INSERT INTO shares_prices (share_id,time_start,time_end,price) VALUES (1,DATE_ADD(CURDATE(), INTERVAL -4 DAY),DATE_ADD(CURDATE(), INTERVAL -4 DAY),465.3);
INSERT INTO shares_prices (share_id,time_start,time_end,price) VALUES (1,DATE_ADD(CURDATE(), INTERVAL -5 DAY),DATE_ADD(CURDATE(), INTERVAL -5 DAY),469.37);
INSERT INTO shares_prices (share_id,time_start,time_end,price) VALUES (1,DATE_ADD(CURDATE(), INTERVAL -6 DAY),DATE_ADD(CURDATE(), INTERVAL -6 DAY),471.22);
INSERT INTO shares_prices (share_id,time_start,time_end,price) VALUES (1,DATE_ADD(CURDATE(), INTERVAL -7 DAY),DATE_ADD(CURDATE(), INTERVAL -7 DAY),471.76);
INSERT INTO shares_prices (share_id,time_start,time_end,price) VALUES (1,DATE_ADD(CURDATE(), INTERVAL -10 DAY),DATE_ADD(CURDATE(), INTERVAL -8 DAY),471.65);
INSERT INTO shares_prices (share_id,time_start,time_end,price) VALUES (1,DATE_ADD(CURDATE(), INTERVAL -11 DAY),DATE_ADD(CURDATE(), INTERVAL -11 DAY),472.99);
INSERT INTO shares_prices (share_id,time_start,time_end,price) VALUES (1,DATE_ADD(CURDATE(), INTERVAL -12 DAY),DATE_ADD(CURDATE(), INTERVAL -12 DAY),474.82);
INSERT INTO shares_prices (share_id,time_start,time_end,price) VALUES (1,DATE_ADD(CURDATE(), INTERVAL -13 DAY),DATE_ADD(CURDATE(), INTERVAL -13 DAY),467.53);
INSERT INTO shares_prices (share_id,time_start,time_end,price) VALUES (1,DATE_ADD(CURDATE(), INTERVAL -14 DAY),DATE_ADD(CURDATE(), INTERVAL -14 DAY),418.99);
INSERT INTO shares_prices (share_id,time_start,time_end,price) VALUES (1,DATE_ADD(CURDATE(), INTERVAL -17 DAY),DATE_ADD(CURDATE(), INTERVAL -15 DAY),408.49);
INSERT INTO shares_prices (share_id,time_start,time_end,price) VALUES (1,DATE_ADD(CURDATE(), INTERVAL -18 DAY),DATE_ADD(CURDATE(), INTERVAL -18 DAY),409.61);
INSERT INTO shares_prices (share_id,time_start,time_end,price) VALUES (1,DATE_ADD(CURDATE(), INTERVAL -19 DAY),DATE_ADD(CURDATE(), INTERVAL -19 DAY),396.63);
INSERT INTO shares_prices (share_id,time_start,time_end,price) VALUES (1,DATE_ADD(CURDATE(), INTERVAL -20 DAY),DATE_ADD(CURDATE(), INTERVAL -20 DAY),402.49);
INSERT INTO shares_prices (share_id,time_start,time_end,price) VALUES (1,DATE_ADD(CURDATE(), INTERVAL -21 DAY),DATE_ADD(CURDATE(), INTERVAL -21 DAY),410.39);
INSERT INTO shares_prices (share_id,time_start,time_end,price) VALUES (1,DATE_ADD(CURDATE(), INTERVAL -24 DAY),DATE_ADD(CURDATE(), INTERVAL -22 DAY),414.4);
INSERT INTO shares_prices (share_id,time_start,time_end,price) VALUES (1,DATE_ADD(CURDATE(), INTERVAL -25 DAY),DATE_ADD(CURDATE(), INTERVAL -25 DAY),424.3);
INSERT INTO shares_prices (share_id,time_start,time_end,price) VALUES (1,DATE_ADD(CURDATE(), INTERVAL -26 DAY),DATE_ADD(CURDATE(), INTERVAL -26 DAY),424.69);
INSERT INTO shares_prices (share_id,time_start,time_end,price) VALUES (1,DATE_ADD(CURDATE(), INTERVAL -27 DAY),DATE_ADD(CURDATE(), INTERVAL -27 DAY),438.17);
INSERT INTO shares_prices (share_id,time_start,time_end,price) VALUES (1,DATE_ADD(CURDATE(), INTERVAL -28 DAY),DATE_ADD(CURDATE(), INTERVAL -28 DAY),442.6);
INSERT INTO shares_prices (share_id,time_start,time_end,price) VALUES (1,DATE_ADD(CURDATE(), INTERVAL -31 DAY),DATE_ADD(CURDATE(), INTERVAL -29 DAY),430.25);
INSERT INTO shares_prices (share_id,time_start,time_end,price) VALUES (1,DATE_ADD(CURDATE(), INTERVAL -32 DAY),DATE_ADD(CURDATE(), INTERVAL -32 DAY),430.17);
INSERT INTO shares_prices (share_id,time_start,time_end,price) VALUES (1,DATE_ADD(CURDATE(), INTERVAL -33 DAY),DATE_ADD(CURDATE(), INTERVAL -33 DAY),427.9);
INSERT INTO shares_prices (share_id,time_start,time_end,price) VALUES (1,DATE_ADD(CURDATE(), INTERVAL -34 DAY),DATE_ADD(CURDATE(), INTERVAL -34 DAY),427.9);
INSERT INTO shares_prices (share_id,time_start,time_end,price) VALUES (1,DATE_ADD(CURDATE(), INTERVAL -35 DAY),DATE_ADD(CURDATE(), INTERVAL -35 DAY),437.34);
INSERT INTO shares_prices (share_id,time_start,time_end,price) VALUES (1,DATE_ADD(CURDATE(), INTERVAL -38 DAY),DATE_ADD(CURDATE(), INTERVAL -36 DAY),446.72);
INSERT INTO shares_prices (share_id,time_start,time_end,price) VALUES (1,DATE_ADD(CURDATE(), INTERVAL -39 DAY),DATE_ADD(CURDATE(), INTERVAL -39 DAY),444.8);
INSERT INTO shares_prices (share_id,time_start,time_end,price) VALUES (1,DATE_ADD(CURDATE(), INTERVAL -40 DAY),DATE_ADD(CURDATE(), INTERVAL -40 DAY),439.85);
INSERT INTO shares_prices (share_id,time_start,time_end,price) VALUES (1,DATE_ADD(CURDATE(), INTERVAL -41 DAY),DATE_ADD(CURDATE(), INTERVAL -41 DAY),436.24);
INSERT INTO shares_prices (share_id,time_start,time_end,price) VALUES (1,DATE_ADD(CURDATE(), INTERVAL -42 DAY),DATE_ADD(CURDATE(), INTERVAL -42 DAY),445.64);
INSERT INTO shares_prices (share_id,time_start,time_end,price) VALUES (1,DATE_ADD(CURDATE(), INTERVAL -45 DAY),DATE_ADD(CURDATE(), INTERVAL -43 DAY),443.05);
INSERT INTO shares_prices (share_id,time_start,time_end,price) VALUES (1,DATE_ADD(CURDATE(), INTERVAL -46 DAY),DATE_ADD(CURDATE(), INTERVAL -46 DAY),452.21);
INSERT INTO shares_prices (share_id,time_start,time_end,price) VALUES (1,DATE_ADD(CURDATE(), INTERVAL -47 DAY),DATE_ADD(CURDATE(), INTERVAL -47 DAY),453.73);
INSERT INTO shares_prices (share_id,time_start,time_end,price) VALUES (1,DATE_ADD(CURDATE(), INTERVAL -48 DAY),DATE_ADD(CURDATE(), INTERVAL -48 DAY),451.14);
INSERT INTO shares_prices (share_id,time_start,time_end,price) VALUES (1,DATE_ADD(CURDATE(), INTERVAL -49 DAY),DATE_ADD(CURDATE(), INTERVAL -49 DAY),450.36);
INSERT INTO shares_prices (share_id,time_start,time_end,price) VALUES (1,DATE_ADD(CURDATE(), INTERVAL -52 DAY),DATE_ADD(CURDATE(), INTERVAL -50 DAY),457.1);
INSERT INTO shares_prices (share_id,time_start,time_end,price) VALUES (1,DATE_ADD(CURDATE(), INTERVAL -53 DAY),DATE_ADD(CURDATE(), INTERVAL -53 DAY),456.61);
INSERT INTO shares_prices (share_id,time_start,time_end,price) VALUES (1,DATE_ADD(CURDATE(), INTERVAL -54 DAY),DATE_ADD(CURDATE(), INTERVAL -54 DAY),453.94);
INSERT INTO shares_prices (share_id,time_start,time_end,price) VALUES (1,DATE_ADD(CURDATE(), INTERVAL -55 DAY),DATE_ADD(CURDATE(), INTERVAL -55 DAY),458.58);
INSERT INTO shares_prices (share_id,time_start,time_end,price) VALUES (1,DATE_ADD(CURDATE(), INTERVAL -56 DAY),DATE_ADD(CURDATE(), INTERVAL -56 DAY),462.28);
INSERT INTO shares_prices (share_id,time_start,time_end,price) VALUES (1,DATE_ADD(CURDATE(), INTERVAL -57 DAY),DATE_ADD(CURDATE(), INTERVAL -57 DAY),460);
INSERT INTO shares_prices (share_id,time_start,time_end,price) VALUES (1,DATE_ADD(CURDATE(), INTERVAL -60 DAY),DATE_ADD(CURDATE(), INTERVAL -58 DAY),444.89);
INSERT INTO shares_prices (share_id,time_start,time_end,price) VALUES (1,DATE_ADD(CURDATE(), INTERVAL -61 DAY),DATE_ADD(CURDATE(), INTERVAL -61 DAY),445.28);
INSERT INTO shares_prices (share_id,time_start,time_end,price) VALUES (1,DATE_ADD(CURDATE(), INTERVAL -62 DAY),DATE_ADD(CURDATE(), INTERVAL -62 DAY),443.97);
INSERT INTO shares_prices (share_id,time_start,time_end,price) VALUES (1,DATE_ADD(CURDATE(), INTERVAL -63 DAY),DATE_ADD(CURDATE(), INTERVAL -63 DAY),460.41);
INSERT INTO shares_prices (share_id,time_start,time_end,price) VALUES (1,DATE_ADD(CURDATE(), INTERVAL -64 DAY),DATE_ADD(CURDATE(), INTERVAL -64 DAY),465.24);
INSERT INTO shares_prices (share_id,time_start,time_end,price) VALUES (1,DATE_ADD(CURDATE(), INTERVAL -67 DAY),DATE_ADD(CURDATE(), INTERVAL -65 DAY),468.73);
INSERT INTO shares_prices (share_id,time_start,time_end,price) VALUES (1,DATE_ADD(CURDATE(), INTERVAL -68 DAY),DATE_ADD(CURDATE(), INTERVAL -68 DAY),471.37);
INSERT INTO shares_prices (share_id,time_start,time_end,price) VALUES (1,DATE_ADD(CURDATE(), INTERVAL -69 DAY),DATE_ADD(CURDATE(), INTERVAL -69 DAY),468);
INSERT INTO shares_prices (share_id,time_start,time_end,price) VALUES (1,DATE_ADD(CURDATE(), INTERVAL -70 DAY),DATE_ADD(CURDATE(), INTERVAL -70 DAY),466.06);
INSERT INTO shares_prices (share_id,time_start,time_end,price) VALUES (1,DATE_ADD(CURDATE(), INTERVAL -71 DAY),DATE_ADD(CURDATE(), INTERVAL -71 DAY),464.75);
INSERT INTO shares_prices (share_id,time_start,time_end,price) VALUES (1,DATE_ADD(CURDATE(), INTERVAL -74 DAY),DATE_ADD(CURDATE(), INTERVAL -72 DAY),461.67);
INSERT INTO shares_prices (share_id,time_start,time_end,price) VALUES (1,DATE_ADD(CURDATE(), INTERVAL -75 DAY),DATE_ADD(CURDATE(), INTERVAL -75 DAY),455.76);
INSERT INTO shares_prices (share_id,time_start,time_end,price) VALUES (1,DATE_ADD(CURDATE(), INTERVAL -76 DAY),DATE_ADD(CURDATE(), INTERVAL -76 DAY),453.01);
INSERT INTO shares_prices (share_id,time_start,time_end,price) VALUES (1,DATE_ADD(CURDATE(), INTERVAL -77 DAY),DATE_ADD(CURDATE(), INTERVAL -77 DAY),457.52);
INSERT INTO shares_prices (share_id,time_start,time_end,price) VALUES (1,DATE_ADD(CURDATE(), INTERVAL -78 DAY),DATE_ADD(CURDATE(), INTERVAL -78 DAY),461.3);
INSERT INTO shares_prices (share_id,time_start,time_end,price) VALUES (1,DATE_ADD(CURDATE(), INTERVAL -81 DAY),DATE_ADD(CURDATE(), INTERVAL -79 DAY),458.62);
INSERT INTO shares_prices (share_id,time_start,time_end,price) VALUES (1,DATE_ADD(CURDATE(), INTERVAL -82 DAY),DATE_ADD(CURDATE(), INTERVAL -82 DAY),463.97);
INSERT INTO shares_prices (share_id,time_start,time_end,price) VALUES (1,DATE_ADD(CURDATE(), INTERVAL -83 DAY),DATE_ADD(CURDATE(), INTERVAL -83 DAY),470.94);
INSERT INTO shares_prices (share_id,time_start,time_end,price) VALUES (1,DATE_ADD(CURDATE(), INTERVAL -84 DAY),DATE_ADD(CURDATE(), INTERVAL -84 DAY),472.14);
INSERT INTO shares_prices (share_id,time_start,time_end,price) VALUES (1,DATE_ADD(CURDATE(), INTERVAL -85 DAY),DATE_ADD(CURDATE(), INTERVAL -85 DAY),475.12);
INSERT INTO shares_prices (share_id,time_start,time_end,price) VALUES (1,DATE_ADD(CURDATE(), INTERVAL -88 DAY),DATE_ADD(CURDATE(), INTERVAL -86 DAY),477.54);
INSERT INTO shares_prices (share_id,time_start,time_end,price) VALUES (1,DATE_ADD(CURDATE(), INTERVAL -89 DAY),DATE_ADD(CURDATE(), INTERVAL -89 DAY),488.29);
INSERT INTO shares_prices (share_id,time_start,time_end,price) VALUES (1,DATE_ADD(CURDATE(), INTERVAL -90 DAY),DATE_ADD(CURDATE(), INTERVAL -90 DAY),491.72);
INSERT INTO shares_prices (share_id,time_start,time_end,price) VALUES (1,DATE_ADD(CURDATE(), INTERVAL -91 DAY),DATE_ADD(CURDATE(), INTERVAL -91 DAY),491.46);
INSERT INTO shares_prices (share_id,time_start,time_end,price) VALUES (1,DATE_ADD(CURDATE(), INTERVAL -92 DAY),DATE_ADD(CURDATE(), INTERVAL -92 DAY),497);
INSERT INTO shares_prices (share_id,time_start,time_end,price) VALUES (1,DATE_ADD(CURDATE(), INTERVAL -95 DAY),DATE_ADD(CURDATE(), INTERVAL -93 DAY),499.06);
INSERT INTO shares_prices (share_id,time_start,time_end,price) VALUES (1,DATE_ADD(CURDATE(), INTERVAL -96 DAY),DATE_ADD(CURDATE(), INTERVAL -96 DAY),498.46);
INSERT INTO shares_prices (share_id,time_start,time_end,price) VALUES (1,DATE_ADD(CURDATE(), INTERVAL -97 DAY),DATE_ADD(CURDATE(), INTERVAL -97 DAY),496.77);
INSERT INTO shares_prices (share_id,time_start,time_end,price) VALUES (1,DATE_ADD(CURDATE(), INTERVAL -98 DAY),DATE_ADD(CURDATE(), INTERVAL -98 DAY),492.48);
INSERT INTO shares_prices (share_id,time_start,time_end,price) VALUES (1,DATE_ADD(CURDATE(), INTERVAL -99 DAY),DATE_ADD(CURDATE(), INTERVAL -99 DAY),498.53);
INSERT INTO shares_prices (share_id,time_start,time_end,price) VALUES (1,DATE_ADD(CURDATE(), INTERVAL -102 DAY),DATE_ADD(CURDATE(), INTERVAL -100 DAY),498.53);
INSERT INTO shares_prices (share_id,time_start,time_end,price) VALUES (1,DATE_ADD(CURDATE(), INTERVAL -103 DAY),DATE_ADD(CURDATE(), INTERVAL -103 DAY),495.85);
INSERT INTO shares_prices (share_id,time_start,time_end,price) VALUES (1,DATE_ADD(CURDATE(), INTERVAL -104 DAY),DATE_ADD(CURDATE(), INTERVAL -104 DAY),487.2);
INSERT INTO shares_prices (share_id,time_start,time_end,price) VALUES (1,DATE_ADD(CURDATE(), INTERVAL -105 DAY),DATE_ADD(CURDATE(), INTERVAL -105 DAY),484.58);
INSERT INTO shares_prices (share_id,time_start,time_end,price) VALUES (1,DATE_ADD(CURDATE(), INTERVAL -106 DAY),DATE_ADD(CURDATE(), INTERVAL -106 DAY),488.52);
INSERT INTO shares_prices (share_id,time_start,time_end,price) VALUES (1,DATE_ADD(CURDATE(), INTERVAL -109 DAY),DATE_ADD(CURDATE(), INTERVAL -107 DAY),498.74);
INSERT INTO shares_prices (share_id,time_start,time_end,price) VALUES (1,DATE_ADD(CURDATE(), INTERVAL -110 DAY),DATE_ADD(CURDATE(), INTERVAL -110 DAY),517.54);
INSERT INTO shares_prices (share_id,time_start,time_end,price) VALUES (1,DATE_ADD(CURDATE(), INTERVAL -111 DAY),DATE_ADD(CURDATE(), INTERVAL -111 DAY),514.18);
INSERT INTO shares_prices (share_id,time_start,time_end,price) VALUES (1,DATE_ADD(CURDATE(), INTERVAL -112 DAY),DATE_ADD(CURDATE(), INTERVAL -112 DAY),516.25);
INSERT INTO shares_prices (share_id,time_start,time_end,price) VALUES (1,DATE_ADD(CURDATE(), INTERVAL -113 DAY),DATE_ADD(CURDATE(), INTERVAL -113 DAY),524.04);
INSERT INTO shares_prices (share_id,time_start,time_end,price) VALUES (1,DATE_ADD(CURDATE(), INTERVAL -116 DAY),DATE_ADD(CURDATE(), INTERVAL -114 DAY),526.11);
INSERT INTO shares_prices (share_id,time_start,time_end,price) VALUES (1,DATE_ADD(CURDATE(), INTERVAL -117 DAY),DATE_ADD(CURDATE(), INTERVAL -117 DAY),535.32);
INSERT INTO shares_prices (share_id,time_start,time_end,price) VALUES (1,DATE_ADD(CURDATE(), INTERVAL -118 DAY),DATE_ADD(CURDATE(), INTERVAL -118 DAY),529.91);
INSERT INTO shares_prices (share_id,time_start,time_end,price) VALUES (1,DATE_ADD(CURDATE(), INTERVAL -119 DAY),DATE_ADD(CURDATE(), INTERVAL -119 DAY),549.85);
INSERT INTO shares_prices (share_id,time_start,time_end,price) VALUES (1,DATE_ADD(CURDATE(), INTERVAL -120 DAY),DATE_ADD(CURDATE(), INTERVAL -120 DAY),552.09);
INSERT INTO shares_prices (share_id,time_start,time_end,price) VALUES (1,DATE_ADD(CURDATE(), INTERVAL -123 DAY),DATE_ADD(CURDATE(), INTERVAL -121 DAY),551.72);
INSERT INTO shares_prices (share_id,time_start,time_end,price) VALUES (1,DATE_ADD(CURDATE(), INTERVAL -124 DAY),DATE_ADD(CURDATE(), INTERVAL -124 DAY),551.1);
INSERT INTO shares_prices (share_id,time_start,time_end,price) VALUES (1,DATE_ADD(CURDATE(), INTERVAL -125 DAY),DATE_ADD(CURDATE(), INTERVAL -125 DAY),554.09);
INSERT INTO shares_prices (share_id,time_start,time_end,price) VALUES (1,DATE_ADD(CURDATE(), INTERVAL -126 DAY),DATE_ADD(CURDATE(), INTERVAL -126 DAY),553.69);
INSERT INTO shares_prices (share_id,time_start,time_end,price) VALUES (1,DATE_ADD(CURDATE(), INTERVAL -127 DAY),DATE_ADD(CURDATE(), INTERVAL -127 DAY),554.21);
INSERT INTO shares_prices (share_id,time_start,time_end,price) VALUES (1,DATE_ADD(CURDATE(), INTERVAL -130 DAY),DATE_ADD(CURDATE(), INTERVAL -128 DAY),548.29);
INSERT INTO shares_prices (share_id,time_start,time_end,price) VALUES (1,DATE_ADD(CURDATE(), INTERVAL -131 DAY),DATE_ADD(CURDATE(), INTERVAL -131 DAY),540.3);
INSERT INTO shares_prices (share_id,time_start,time_end,price) VALUES (1,DATE_ADD(CURDATE(), INTERVAL -132 DAY),DATE_ADD(CURDATE(), INTERVAL -132 DAY),551.05);
INSERT INTO shares_prices (share_id,time_start,time_end,price) VALUES (1,DATE_ADD(CURDATE(), INTERVAL -133 DAY),DATE_ADD(CURDATE(), INTERVAL -133 DAY),536.12);
INSERT INTO shares_prices (share_id,time_start,time_end,price) VALUES (1,DATE_ADD(CURDATE(), INTERVAL -134 DAY),DATE_ADD(CURDATE(), INTERVAL -134 DAY),533.99);
INSERT INTO shares_prices (share_id,time_start,time_end,price) VALUES (1,DATE_ADD(CURDATE(), INTERVAL -137 DAY),DATE_ADD(CURDATE(), INTERVAL -135 DAY),537.29);
INSERT INTO shares_prices (share_id,time_start,time_end,price) VALUES (1,DATE_ADD(CURDATE(), INTERVAL -138 DAY),DATE_ADD(CURDATE(), INTERVAL -138 DAY),540.33);
INSERT INTO shares_prices (share_id,time_start,time_end,price) VALUES (1,DATE_ADD(CURDATE(), INTERVAL -139 DAY),DATE_ADD(CURDATE(), INTERVAL -139 DAY),548.65);
INSERT INTO shares_prices (share_id,time_start,time_end,price) VALUES (1,DATE_ADD(CURDATE(), INTERVAL -140 DAY),DATE_ADD(CURDATE(), INTERVAL -140 DAY),551.1);
INSERT INTO shares_prices (share_id,time_start,time_end,price) VALUES (1,DATE_ADD(CURDATE(), INTERVAL -141 DAY),DATE_ADD(CURDATE(), INTERVAL -141 DAY),562.51);
INSERT INTO shares_prices (share_id,time_start,time_end,price) VALUES (1,DATE_ADD(CURDATE(), INTERVAL -144 DAY),DATE_ADD(CURDATE(), INTERVAL -142 DAY),566.76);
INSERT INTO shares_prices (share_id,time_start,time_end,price) VALUES (1,DATE_ADD(CURDATE(), INTERVAL -145 DAY),DATE_ADD(CURDATE(), INTERVAL -145 DAY),570.56);
INSERT INTO shares_prices (share_id,time_start,time_end,price) VALUES (1,DATE_ADD(CURDATE(), INTERVAL -146 DAY),DATE_ADD(CURDATE(), INTERVAL -146 DAY),567.85);
INSERT INTO shares_prices (share_id,time_start,time_end,price) VALUES (1,DATE_ADD(CURDATE(), INTERVAL -147 DAY),DATE_ADD(CURDATE(), INTERVAL -147 DAY),572.05);
INSERT INTO shares_prices (share_id,time_start,time_end,price) VALUES (1,DATE_ADD(CURDATE(), INTERVAL -148 DAY),DATE_ADD(CURDATE(), INTERVAL -148 DAY),576.28);
INSERT INTO shares_prices (share_id,time_start,time_end,price) VALUES (1,DATE_ADD(CURDATE(), INTERVAL -151 DAY),DATE_ADD(CURDATE(), INTERVAL -149 DAY),577.49);
INSERT INTO shares_prices (share_id,time_start,time_end,price) VALUES (1,DATE_ADD(CURDATE(), INTERVAL -152 DAY),DATE_ADD(CURDATE(), INTERVAL -152 DAY),576.65);
INSERT INTO shares_prices (share_id,time_start,time_end,price) VALUES (1,DATE_ADD(CURDATE(), INTERVAL -153 DAY),DATE_ADD(CURDATE(), INTERVAL -153 DAY),572.99);
INSERT INTO shares_prices (share_id,time_start,time_end,price) VALUES (1,DATE_ADD(CURDATE(), INTERVAL -154 DAY),DATE_ADD(CURDATE(), INTERVAL -154 DAY),569.96);
INSERT INTO shares_prices (share_id,time_start,time_end,price) VALUES (1,DATE_ADD(CURDATE(), INTERVAL -155 DAY),DATE_ADD(CURDATE(), INTERVAL -155 DAY),582.35);
INSERT INTO shares_prices (share_id,time_start,time_end,price) VALUES (1,DATE_ADD(CURDATE(), INTERVAL -158 DAY),DATE_ADD(CURDATE(), INTERVAL -156 DAY),583.09);
INSERT INTO shares_prices (share_id,time_start,time_end,price) VALUES (1,DATE_ADD(CURDATE(), INTERVAL -159 DAY),DATE_ADD(CURDATE(), INTERVAL -159 DAY),585.74);
INSERT INTO shares_prices (share_id,time_start,time_end,price) VALUES (1,DATE_ADD(CURDATE(), INTERVAL -160 DAY),DATE_ADD(CURDATE(), INTERVAL -160 DAY),579.76);
INSERT INTO shares_prices (share_id,time_start,time_end,price) VALUES (1,DATE_ADD(CURDATE(), INTERVAL -161 DAY),DATE_ADD(CURDATE(), INTERVAL -161 DAY),583);
INSERT INTO shares_prices (share_id,time_start,time_end,price) VALUES (1,DATE_ADD(CURDATE(), INTERVAL -162 DAY),DATE_ADD(CURDATE(), INTERVAL -162 DAY),589.87);
INSERT INTO shares_prices (share_id,time_start,time_end,price) VALUES (1,DATE_ADD(CURDATE(), INTERVAL -165 DAY),DATE_ADD(CURDATE(), INTERVAL -163 DAY),587.51);
INSERT INTO shares_prices (share_id,time_start,time_end,price) VALUES (1,DATE_ADD(CURDATE(), INTERVAL -166 DAY),DATE_ADD(CURDATE(), INTERVAL -166 DAY),585.74);
INSERT INTO shares_prices (share_id,time_start,time_end,price) VALUES (1,DATE_ADD(CURDATE(), INTERVAL -167 DAY),DATE_ADD(CURDATE(), INTERVAL -167 DAY),585.74);
INSERT INTO shares_prices (share_id,time_start,time_end,price) VALUES (1,DATE_ADD(CURDATE(), INTERVAL -168 DAY),DATE_ADD(CURDATE(), INTERVAL -168 DAY),586.25);
INSERT INTO shares_prices (share_id,time_start,time_end,price) VALUES (1,DATE_ADD(CURDATE(), INTERVAL -169 DAY),DATE_ADD(CURDATE(), INTERVAL -169 DAY),587.05);
INSERT INTO shares_prices (share_id,time_start,time_end,price) VALUES (1,DATE_ADD(CURDATE(), INTERVAL -171 DAY),DATE_ADD(CURDATE(), INTERVAL -170 DAY),589.02);
INSERT INTO shares_prices (share_id,time_start,time_end,price) VALUES (1,DATE_ADD(CURDATE(), INTERVAL -172 DAY),DATE_ADD(CURDATE(), INTERVAL -172 DAY),591.5);
INSERT INTO shares_prices (share_id,time_start,time_end,price) VALUES (1,DATE_ADD(CURDATE(), INTERVAL -173 DAY),DATE_ADD(CURDATE(), INTERVAL -173 DAY),590.51);
INSERT INTO shares_prices (share_id,time_start,time_end,price) VALUES (1,DATE_ADD(CURDATE(), INTERVAL -174 DAY),DATE_ADD(CURDATE(), INTERVAL -174 DAY),595.73);
INSERT INTO shares_prices (share_id,time_start,time_end,price) VALUES (1,DATE_ADD(CURDATE(), INTERVAL -175 DAY),DATE_ADD(CURDATE(), INTERVAL -175 DAY),593.14);
INSERT INTO shares_prices (share_id,time_start,time_end,price) VALUES (1,DATE_ADD(CURDATE(), INTERVAL -178 DAY),DATE_ADD(CURDATE(), INTERVAL -176 DAY),597.76);
INSERT INTO shares_prices (share_id,time_start,time_end,price) VALUES (1,DATE_ADD(CURDATE(), INTERVAL -179 DAY),DATE_ADD(CURDATE(), INTERVAL -179 DAY),593.94);
INSERT INTO shares_prices (share_id,time_start,time_end,price) VALUES (1,DATE_ADD(CURDATE(), INTERVAL -180 DAY),DATE_ADD(CURDATE(), INTERVAL -180 DAY),596.42);
INSERT INTO shares_prices (share_id,time_start,time_end,price) VALUES (1,DATE_ADD(CURDATE(), INTERVAL -183 DAY),DATE_ADD(CURDATE(), INTERVAL -181 DAY),598.68);
INSERT INTO shares_prices (share_id,time_start,time_end,price) VALUES (1,DATE_ADD(CURDATE(), INTERVAL -184 DAY),DATE_ADD(CURDATE(), INTERVAL -184 DAY),601.12);
INSERT INTO shares_prices (share_id,time_start,time_end,price) VALUES (1,DATE_ADD(CURDATE(), INTERVAL -185 DAY),DATE_ADD(CURDATE(), INTERVAL -185 DAY),611.68);
INSERT INTO shares_prices (share_id,time_start,time_end,price) VALUES (1,DATE_ADD(CURDATE(), INTERVAL -186 DAY),DATE_ADD(CURDATE(), INTERVAL -186 DAY),618.48);
INSERT INTO shares_prices (share_id,time_start,time_end,price) VALUES (1,DATE_ADD(CURDATE(), INTERVAL -187 DAY),DATE_ADD(CURDATE(), INTERVAL -187 DAY),622.87);
INSERT INTO shares_prices (share_id,time_start,time_end,price) VALUES (1,DATE_ADD(CURDATE(), INTERVAL -190 DAY),DATE_ADD(CURDATE(), INTERVAL -188 DAY),619.43);
INSERT INTO shares_prices (share_id,time_start,time_end,price) VALUES (1,DATE_ADD(CURDATE(), INTERVAL -200 DAY),DATE_ADD(CURDATE(), INTERVAL -191 DAY),613.21);
INSERT INTO shares_prices (share_id,time_start,time_end,price) VALUES (1,DATE_ADD(CURDATE(), INTERVAL -210 DAY),DATE_ADD(CURDATE(), INTERVAL -201 DAY),608.95);
INSERT INTO shares_prices (share_id,time_start,time_end,price) VALUES (1,DATE_ADD(CURDATE(), INTERVAL -220 DAY),DATE_ADD(CURDATE(), INTERVAL -211 DAY),611.46);
INSERT INTO shares_prices (share_id,time_start,time_end,price) VALUES (1,DATE_ADD(CURDATE(), INTERVAL -230 DAY),DATE_ADD(CURDATE(), INTERVAL -221 DAY),612.53);
INSERT INTO shares_prices (share_id,time_start,time_end,price) VALUES (1,DATE_ADD(CURDATE(), INTERVAL -240 DAY),DATE_ADD(CURDATE(), INTERVAL -231 DAY),613.48);
INSERT INTO shares_prices (share_id,time_start,time_end,price) VALUES (1,DATE_ADD(CURDATE(), INTERVAL -250 DAY),DATE_ADD(CURDATE(), INTERVAL -241 DAY),616.14);
INSERT INTO shares_prices (share_id,time_start,time_end,price) VALUES (1,DATE_ADD(CURDATE(), INTERVAL -260 DAY),DATE_ADD(CURDATE(), INTERVAL -251 DAY),617.39);
INSERT INTO shares_prices (share_id,time_start,time_end,price) VALUES (1,DATE_ADD(CURDATE(), INTERVAL -270 DAY),DATE_ADD(CURDATE(), INTERVAL -261 DAY),621.73);
INSERT INTO shares_prices (share_id,time_start,time_end,price) VALUES (1,DATE_ADD(CURDATE(), INTERVAL -280 DAY),DATE_ADD(CURDATE(), INTERVAL -271 DAY),625.21);
INSERT INTO shares_prices (share_id,time_start,time_end,price) VALUES (1,DATE_ADD(CURDATE(), INTERVAL -290 DAY),DATE_ADD(CURDATE(), INTERVAL -281 DAY),623.67);
INSERT INTO shares_prices (share_id,time_start,time_end,price) VALUES (1,DATE_ADD(CURDATE(), INTERVAL -300 DAY),DATE_ADD(CURDATE(), INTERVAL -291 DAY),628.42);
INSERT INTO shares_prices (share_id,time_start,time_end,price) VALUES (1,DATE_ADD(CURDATE(), INTERVAL -310 DAY),DATE_ADD(CURDATE(), INTERVAL -301 DAY),630.59);
INSERT INTO shares_prices (share_id,time_start,time_end,price) VALUES (1,DATE_ADD(CURDATE(), INTERVAL -320 DAY),DATE_ADD(CURDATE(), INTERVAL -311 DAY),632.88);
INSERT INTO shares_prices (share_id,time_start,time_end,price) VALUES (1,DATE_ADD(CURDATE(), INTERVAL -330 DAY),DATE_ADD(CURDATE(), INTERVAL -321 DAY),633.34);
INSERT INTO shares_prices (share_id,time_start,time_end,price) VALUES (1,DATE_ADD(CURDATE(), INTERVAL -340 DAY),DATE_ADD(CURDATE(), INTERVAL -331 DAY),631.75);
INSERT INTO shares_prices (share_id,time_start,time_end,price) VALUES (1,DATE_ADD(CURDATE(), INTERVAL -350 DAY),DATE_ADD(CURDATE(), INTERVAL -341 DAY),630.11);
INSERT INTO shares_prices (share_id,time_start,time_end,price) VALUES (1,DATE_ADD(CURDATE(), INTERVAL -360 DAY),DATE_ADD(CURDATE(), INTERVAL -351 DAY),634.47);
INSERT INTO shares_prices (share_id,time_start,time_end,price) VALUES (1,DATE_ADD(CURDATE(), INTERVAL -370 DAY),DATE_ADD(CURDATE(), INTERVAL -361 DAY),637.84);
INSERT INTO shares_prices (share_id,time_start,time_end,price) VALUES (1,DATE_ADD(CURDATE(), INTERVAL -380 DAY),DATE_ADD(CURDATE(), INTERVAL -371 DAY),639.98);
INSERT INTO shares_prices (share_id,time_start,time_end,price) VALUES (1,DATE_ADD(CURDATE(), INTERVAL -390 DAY),DATE_ADD(CURDATE(), INTERVAL -381 DAY),642.38);

INSERT INTO shares_prices (share_id,time_start,time_end,price) VALUES (2,DATE_ADD(CURDATE(), INTERVAL 0 DAY),null,124);
INSERT INTO shares_prices (share_id,time_start,time_end,price) VALUES (2,DATE_ADD(CURDATE(), INTERVAL -3 DAY),DATE_ADD(CURDATE(), INTERVAL -1 DAY),119);
INSERT INTO shares_prices (share_id,time_start,time_end,price) VALUES (2,DATE_ADD(CURDATE(), INTERVAL -4 DAY),DATE_ADD(CURDATE(), INTERVAL -4 DAY),125.5);
INSERT INTO shares_prices (share_id,time_start,time_end,price) VALUES (2,DATE_ADD(CURDATE(), INTERVAL -5 DAY),DATE_ADD(CURDATE(), INTERVAL -5 DAY),123.9);
INSERT INTO shares_prices (share_id,time_start,time_end,price) VALUES (2,DATE_ADD(CURDATE(), INTERVAL -6 DAY),DATE_ADD(CURDATE(), INTERVAL -6 DAY),122.2);
INSERT INTO shares_prices (share_id,time_start,time_end,price) VALUES (2,DATE_ADD(CURDATE(), INTERVAL -7 DAY),DATE_ADD(CURDATE(), INTERVAL -7 DAY),118);
INSERT INTO shares_prices (share_id,time_start,time_end,price) VALUES (2,DATE_ADD(CURDATE(), INTERVAL -10 DAY),DATE_ADD(CURDATE(), INTERVAL -8 DAY),119.9);
INSERT INTO shares_prices (share_id,time_start,time_end,price) VALUES (2,DATE_ADD(CURDATE(), INTERVAL -11 DAY),DATE_ADD(CURDATE(), INTERVAL -11 DAY),120);
INSERT INTO shares_prices (share_id,time_start,time_end,price) VALUES (2,DATE_ADD(CURDATE(), INTERVAL -12 DAY),DATE_ADD(CURDATE(), INTERVAL -12 DAY),126.6);
INSERT INTO shares_prices (share_id,time_start,time_end,price) VALUES (2,DATE_ADD(CURDATE(), INTERVAL -13 DAY),DATE_ADD(CURDATE(), INTERVAL -13 DAY),128.1);
INSERT INTO shares_prices (share_id,time_start,time_end,price) VALUES (2,DATE_ADD(CURDATE(), INTERVAL -14 DAY),DATE_ADD(CURDATE(), INTERVAL -14 DAY),128.8);
INSERT INTO shares_prices (share_id,time_start,time_end,price) VALUES (2,DATE_ADD(CURDATE(), INTERVAL -17 DAY),DATE_ADD(CURDATE(), INTERVAL -15 DAY),132.1);
INSERT INTO shares_prices (share_id,time_start,time_end,price) VALUES (2,DATE_ADD(CURDATE(), INTERVAL -18 DAY),DATE_ADD(CURDATE(), INTERVAL -18 DAY),136);
INSERT INTO shares_prices (share_id,time_start,time_end,price) VALUES (2,DATE_ADD(CURDATE(), INTERVAL -19 DAY),DATE_ADD(CURDATE(), INTERVAL -19 DAY),132.8);
INSERT INTO shares_prices (share_id,time_start,time_end,price) VALUES (2,DATE_ADD(CURDATE(), INTERVAL -20 DAY),DATE_ADD(CURDATE(), INTERVAL -20 DAY),136);
INSERT INTO shares_prices (share_id,time_start,time_end,price) VALUES (2,DATE_ADD(CURDATE(), INTERVAL -21 DAY),DATE_ADD(CURDATE(), INTERVAL -21 DAY),137.3);
INSERT INTO shares_prices (share_id,time_start,time_end,price) VALUES (2,DATE_ADD(CURDATE(), INTERVAL -24 DAY),DATE_ADD(CURDATE(), INTERVAL -22 DAY),138.4);
INSERT INTO shares_prices (share_id,time_start,time_end,price) VALUES (2,DATE_ADD(CURDATE(), INTERVAL -25 DAY),DATE_ADD(CURDATE(), INTERVAL -25 DAY),136.9);
INSERT INTO shares_prices (share_id,time_start,time_end,price) VALUES (2,DATE_ADD(CURDATE(), INTERVAL -26 DAY),DATE_ADD(CURDATE(), INTERVAL -26 DAY),132.3);
INSERT INTO shares_prices (share_id,time_start,time_end,price) VALUES (2,DATE_ADD(CURDATE(), INTERVAL -27 DAY),DATE_ADD(CURDATE(), INTERVAL -27 DAY),128.4);
INSERT INTO shares_prices (share_id,time_start,time_end,price) VALUES (2,DATE_ADD(CURDATE(), INTERVAL -28 DAY),DATE_ADD(CURDATE(), INTERVAL -28 DAY),130.9);
INSERT INTO shares_prices (share_id,time_start,time_end,price) VALUES (2,DATE_ADD(CURDATE(), INTERVAL -31 DAY),DATE_ADD(CURDATE(), INTERVAL -29 DAY),134.3);
INSERT INTO shares_prices (share_id,time_start,time_end,price) VALUES (2,DATE_ADD(CURDATE(), INTERVAL -32 DAY),DATE_ADD(CURDATE(), INTERVAL -32 DAY),142.4);
INSERT INTO shares_prices (share_id,time_start,time_end,price) VALUES (2,DATE_ADD(CURDATE(), INTERVAL -33 DAY),DATE_ADD(CURDATE(), INTERVAL -33 DAY),145.5);
INSERT INTO shares_prices (share_id,time_start,time_end,price) VALUES (2,DATE_ADD(CURDATE(), INTERVAL -34 DAY),DATE_ADD(CURDATE(), INTERVAL -34 DAY),150.2);
INSERT INTO shares_prices (share_id,time_start,time_end,price) VALUES (2,DATE_ADD(CURDATE(), INTERVAL -35 DAY),DATE_ADD(CURDATE(), INTERVAL -35 DAY),161.7);
INSERT INTO shares_prices (share_id,time_start,time_end,price) VALUES (2,DATE_ADD(CURDATE(), INTERVAL -38 DAY),DATE_ADD(CURDATE(), INTERVAL -36 DAY),169.9);
INSERT INTO shares_prices (share_id,time_start,time_end,price) VALUES (2,DATE_ADD(CURDATE(), INTERVAL -39 DAY),DATE_ADD(CURDATE(), INTERVAL -39 DAY),171);
INSERT INTO shares_prices (share_id,time_start,time_end,price) VALUES (2,DATE_ADD(CURDATE(), INTERVAL -40 DAY),DATE_ADD(CURDATE(), INTERVAL -40 DAY),168.8);
INSERT INTO shares_prices (share_id,time_start,time_end,price) VALUES (2,DATE_ADD(CURDATE(), INTERVAL -41 DAY),DATE_ADD(CURDATE(), INTERVAL -41 DAY),164);
INSERT INTO shares_prices (share_id,time_start,time_end,price) VALUES (2,DATE_ADD(CURDATE(), INTERVAL -42 DAY),DATE_ADD(CURDATE(), INTERVAL -42 DAY),170.9);
INSERT INTO shares_prices (share_id,time_start,time_end,price) VALUES (2,DATE_ADD(CURDATE(), INTERVAL -45 DAY),DATE_ADD(CURDATE(), INTERVAL -43 DAY),170.9);
INSERT INTO shares_prices (share_id,time_start,time_end,price) VALUES (2,DATE_ADD(CURDATE(), INTERVAL -46 DAY),DATE_ADD(CURDATE(), INTERVAL -46 DAY),175.6);
INSERT INTO shares_prices (share_id,time_start,time_end,price) VALUES (2,DATE_ADD(CURDATE(), INTERVAL -47 DAY),DATE_ADD(CURDATE(), INTERVAL -47 DAY),173.9);
INSERT INTO shares_prices (share_id,time_start,time_end,price) VALUES (2,DATE_ADD(CURDATE(), INTERVAL -48 DAY),DATE_ADD(CURDATE(), INTERVAL -48 DAY),173.2);
INSERT INTO shares_prices (share_id,time_start,time_end,price) VALUES (2,DATE_ADD(CURDATE(), INTERVAL -49 DAY),DATE_ADD(CURDATE(), INTERVAL -49 DAY),172);
INSERT INTO shares_prices (share_id,time_start,time_end,price) VALUES (2,DATE_ADD(CURDATE(), INTERVAL -52 DAY),DATE_ADD(CURDATE(), INTERVAL -50 DAY),175.5);
INSERT INTO shares_prices (share_id,time_start,time_end,price) VALUES (2,DATE_ADD(CURDATE(), INTERVAL -53 DAY),DATE_ADD(CURDATE(), INTERVAL -53 DAY),188.2);
INSERT INTO shares_prices (share_id,time_start,time_end,price) VALUES (2,DATE_ADD(CURDATE(), INTERVAL -54 DAY),DATE_ADD(CURDATE(), INTERVAL -54 DAY),189.9);
INSERT INTO shares_prices (share_id,time_start,time_end,price) VALUES (2,DATE_ADD(CURDATE(), INTERVAL -55 DAY),DATE_ADD(CURDATE(), INTERVAL -55 DAY),196.6);
INSERT INTO shares_prices (share_id,time_start,time_end,price) VALUES (2,DATE_ADD(CURDATE(), INTERVAL -56 DAY),DATE_ADD(CURDATE(), INTERVAL -56 DAY),191.7);
INSERT INTO shares_prices (share_id,time_start,time_end,price) VALUES (2,DATE_ADD(CURDATE(), INTERVAL -57 DAY),DATE_ADD(CURDATE(), INTERVAL -57 DAY),187.5);
INSERT INTO shares_prices (share_id,time_start,time_end,price) VALUES (2,DATE_ADD(CURDATE(), INTERVAL -60 DAY),DATE_ADD(CURDATE(), INTERVAL -58 DAY),191.5);
INSERT INTO shares_prices (share_id,time_start,time_end,price) VALUES (2,DATE_ADD(CURDATE(), INTERVAL -61 DAY),DATE_ADD(CURDATE(), INTERVAL -61 DAY),187.8);
INSERT INTO shares_prices (share_id,time_start,time_end,price) VALUES (2,DATE_ADD(CURDATE(), INTERVAL -62 DAY),DATE_ADD(CURDATE(), INTERVAL -62 DAY),181.5);
INSERT INTO shares_prices (share_id,time_start,time_end,price) VALUES (2,DATE_ADD(CURDATE(), INTERVAL -63 DAY),DATE_ADD(CURDATE(), INTERVAL -63 DAY),184);
INSERT INTO shares_prices (share_id,time_start,time_end,price) VALUES (2,DATE_ADD(CURDATE(), INTERVAL -64 DAY),DATE_ADD(CURDATE(), INTERVAL -64 DAY),189.4);
INSERT INTO shares_prices (share_id,time_start,time_end,price) VALUES (2,DATE_ADD(CURDATE(), INTERVAL -67 DAY),DATE_ADD(CURDATE(), INTERVAL -65 DAY),192.8);
INSERT INTO shares_prices (share_id,time_start,time_end,price) VALUES (2,DATE_ADD(CURDATE(), INTERVAL -68 DAY),DATE_ADD(CURDATE(), INTERVAL -68 DAY),201);
INSERT INTO shares_prices (share_id,time_start,time_end,price) VALUES (2,DATE_ADD(CURDATE(), INTERVAL -69 DAY),DATE_ADD(CURDATE(), INTERVAL -69 DAY),201);
INSERT INTO shares_prices (share_id,time_start,time_end,price) VALUES (2,DATE_ADD(CURDATE(), INTERVAL -70 DAY),DATE_ADD(CURDATE(), INTERVAL -70 DAY),215.7);
INSERT INTO shares_prices (share_id,time_start,time_end,price) VALUES (2,DATE_ADD(CURDATE(), INTERVAL -71 DAY),DATE_ADD(CURDATE(), INTERVAL -71 DAY),221.4);
INSERT INTO shares_prices (share_id,time_start,time_end,price) VALUES (2,DATE_ADD(CURDATE(), INTERVAL -74 DAY),DATE_ADD(CURDATE(), INTERVAL -72 DAY),217);
INSERT INTO shares_prices (share_id,time_start,time_end,price) VALUES (2,DATE_ADD(CURDATE(), INTERVAL -75 DAY),DATE_ADD(CURDATE(), INTERVAL -75 DAY),217);
INSERT INTO shares_prices (share_id,time_start,time_end,price) VALUES (2,DATE_ADD(CURDATE(), INTERVAL -76 DAY),DATE_ADD(CURDATE(), INTERVAL -76 DAY),227.4);
INSERT INTO shares_prices (share_id,time_start,time_end,price) VALUES (2,DATE_ADD(CURDATE(), INTERVAL -77 DAY),DATE_ADD(CURDATE(), INTERVAL -77 DAY),239.9);
INSERT INTO shares_prices (share_id,time_start,time_end,price) VALUES (2,DATE_ADD(CURDATE(), INTERVAL -78 DAY),DATE_ADD(CURDATE(), INTERVAL -78 DAY),235.7);
INSERT INTO shares_prices (share_id,time_start,time_end,price) VALUES (2,DATE_ADD(CURDATE(), INTERVAL -81 DAY),DATE_ADD(CURDATE(), INTERVAL -79 DAY),233.1);
INSERT INTO shares_prices (share_id,time_start,time_end,price) VALUES (2,DATE_ADD(CURDATE(), INTERVAL -82 DAY),DATE_ADD(CURDATE(), INTERVAL -82 DAY),231.2);
INSERT INTO shares_prices (share_id,time_start,time_end,price) VALUES (2,DATE_ADD(CURDATE(), INTERVAL -83 DAY),DATE_ADD(CURDATE(), INTERVAL -83 DAY),229.9);
INSERT INTO shares_prices (share_id,time_start,time_end,price) VALUES (2,DATE_ADD(CURDATE(), INTERVAL -84 DAY),DATE_ADD(CURDATE(), INTERVAL -84 DAY),220);
INSERT INTO shares_prices (share_id,time_start,time_end,price) VALUES (2,DATE_ADD(CURDATE(), INTERVAL -85 DAY),DATE_ADD(CURDATE(), INTERVAL -85 DAY),213.6);
INSERT INTO shares_prices (share_id,time_start,time_end,price) VALUES (2,DATE_ADD(CURDATE(), INTERVAL -88 DAY),DATE_ADD(CURDATE(), INTERVAL -86 DAY),215.8);
INSERT INTO shares_prices (share_id,time_start,time_end,price) VALUES (2,DATE_ADD(CURDATE(), INTERVAL -89 DAY),DATE_ADD(CURDATE(), INTERVAL -89 DAY),216.6);
INSERT INTO shares_prices (share_id,time_start,time_end,price) VALUES (2,DATE_ADD(CURDATE(), INTERVAL -90 DAY),DATE_ADD(CURDATE(), INTERVAL -90 DAY),220.5);
INSERT INTO shares_prices (share_id,time_start,time_end,price) VALUES (2,DATE_ADD(CURDATE(), INTERVAL -91 DAY),DATE_ADD(CURDATE(), INTERVAL -91 DAY),217.8);
INSERT INTO shares_prices (share_id,time_start,time_end,price) VALUES (2,DATE_ADD(CURDATE(), INTERVAL -92 DAY),DATE_ADD(CURDATE(), INTERVAL -92 DAY),210.3);
INSERT INTO shares_prices (share_id,time_start,time_end,price) VALUES (2,DATE_ADD(CURDATE(), INTERVAL -95 DAY),DATE_ADD(CURDATE(), INTERVAL -93 DAY),217);
INSERT INTO shares_prices (share_id,time_start,time_end,price) VALUES (2,DATE_ADD(CURDATE(), INTERVAL -96 DAY),DATE_ADD(CURDATE(), INTERVAL -96 DAY),222.8);
INSERT INTO shares_prices (share_id,time_start,time_end,price) VALUES (2,DATE_ADD(CURDATE(), INTERVAL -97 DAY),DATE_ADD(CURDATE(), INTERVAL -97 DAY),223);
INSERT INTO shares_prices (share_id,time_start,time_end,price) VALUES (2,DATE_ADD(CURDATE(), INTERVAL -98 DAY),DATE_ADD(CURDATE(), INTERVAL -98 DAY),221.3);
INSERT INTO shares_prices (share_id,time_start,time_end,price) VALUES (2,DATE_ADD(CURDATE(), INTERVAL -99 DAY),DATE_ADD(CURDATE(), INTERVAL -99 DAY),218.9);
INSERT INTO shares_prices (share_id,time_start,time_end,price) VALUES (2,DATE_ADD(CURDATE(), INTERVAL -102 DAY),DATE_ADD(CURDATE(), INTERVAL -100 DAY),221.8);
INSERT INTO shares_prices (share_id,time_start,time_end,price) VALUES (2,DATE_ADD(CURDATE(), INTERVAL -103 DAY),DATE_ADD(CURDATE(), INTERVAL -103 DAY),219.6);
INSERT INTO shares_prices (share_id,time_start,time_end,price) VALUES (2,DATE_ADD(CURDATE(), INTERVAL -104 DAY),DATE_ADD(CURDATE(), INTERVAL -104 DAY),224.9);
INSERT INTO shares_prices (share_id,time_start,time_end,price) VALUES (2,DATE_ADD(CURDATE(), INTERVAL -105 DAY),DATE_ADD(CURDATE(), INTERVAL -105 DAY),220.9);
INSERT INTO shares_prices (share_id,time_start,time_end,price) VALUES (2,DATE_ADD(CURDATE(), INTERVAL -106 DAY),DATE_ADD(CURDATE(), INTERVAL -106 DAY),214.1);
INSERT INTO shares_prices (share_id,time_start,time_end,price) VALUES (2,DATE_ADD(CURDATE(), INTERVAL -109 DAY),DATE_ADD(CURDATE(), INTERVAL -107 DAY),213.8);
INSERT INTO shares_prices (share_id,time_start,time_end,price) VALUES (2,DATE_ADD(CURDATE(), INTERVAL -110 DAY),DATE_ADD(CURDATE(), INTERVAL -110 DAY),216);
INSERT INTO shares_prices (share_id,time_start,time_end,price) VALUES (2,DATE_ADD(CURDATE(), INTERVAL -111 DAY),DATE_ADD(CURDATE(), INTERVAL -111 DAY),218.5);
INSERT INTO shares_prices (share_id,time_start,time_end,price) VALUES (2,DATE_ADD(CURDATE(), INTERVAL -112 DAY),DATE_ADD(CURDATE(), INTERVAL -112 DAY),209.5);
INSERT INTO shares_prices (share_id,time_start,time_end,price) VALUES (2,DATE_ADD(CURDATE(), INTERVAL -113 DAY),DATE_ADD(CURDATE(), INTERVAL -113 DAY),209.8);
INSERT INTO shares_prices (share_id,time_start,time_end,price) VALUES (2,DATE_ADD(CURDATE(), INTERVAL -116 DAY),DATE_ADD(CURDATE(), INTERVAL -114 DAY),199.7);
INSERT INTO shares_prices (share_id,time_start,time_end,price) VALUES (2,DATE_ADD(CURDATE(), INTERVAL -117 DAY),DATE_ADD(CURDATE(), INTERVAL -117 DAY),193.7);
INSERT INTO shares_prices (share_id,time_start,time_end,price) VALUES (2,DATE_ADD(CURDATE(), INTERVAL -118 DAY),DATE_ADD(CURDATE(), INTERVAL -118 DAY),183.3);
INSERT INTO shares_prices (share_id,time_start,time_end,price) VALUES (2,DATE_ADD(CURDATE(), INTERVAL -119 DAY),DATE_ADD(CURDATE(), INTERVAL -119 DAY),189.5);
INSERT INTO shares_prices (share_id,time_start,time_end,price) VALUES (2,DATE_ADD(CURDATE(), INTERVAL -120 DAY),DATE_ADD(CURDATE(), INTERVAL -120 DAY),181.8);
INSERT INTO shares_prices (share_id,time_start,time_end,price) VALUES (2,DATE_ADD(CURDATE(), INTERVAL -123 DAY),DATE_ADD(CURDATE(), INTERVAL -121 DAY),179.9);
INSERT INTO shares_prices (share_id,time_start,time_end,price) VALUES (2,DATE_ADD(CURDATE(), INTERVAL -124 DAY),DATE_ADD(CURDATE(), INTERVAL -124 DAY),179.9);
INSERT INTO shares_prices (share_id,time_start,time_end,price) VALUES (2,DATE_ADD(CURDATE(), INTERVAL -125 DAY),DATE_ADD(CURDATE(), INTERVAL -125 DAY),191.8);
INSERT INTO shares_prices (share_id,time_start,time_end,price) VALUES (2,DATE_ADD(CURDATE(), INTERVAL -126 DAY),DATE_ADD(CURDATE(), INTERVAL -126 DAY),186.3);
INSERT INTO shares_prices (share_id,time_start,time_end,price) VALUES (2,DATE_ADD(CURDATE(), INTERVAL -127 DAY),DATE_ADD(CURDATE(), INTERVAL -127 DAY),198.8);
INSERT INTO shares_prices (share_id,time_start,time_end,price) VALUES (2,DATE_ADD(CURDATE(), INTERVAL -130 DAY),DATE_ADD(CURDATE(), INTERVAL -128 DAY),199.3);
INSERT INTO shares_prices (share_id,time_start,time_end,price) VALUES (2,DATE_ADD(CURDATE(), INTERVAL -131 DAY),DATE_ADD(CURDATE(), INTERVAL -131 DAY),196.4);
INSERT INTO shares_prices (share_id,time_start,time_end,price) VALUES (2,DATE_ADD(CURDATE(), INTERVAL -132 DAY),DATE_ADD(CURDATE(), INTERVAL -132 DAY),200);
INSERT INTO shares_prices (share_id,time_start,time_end,price) VALUES (2,DATE_ADD(CURDATE(), INTERVAL -133 DAY),DATE_ADD(CURDATE(), INTERVAL -133 DAY),215);
INSERT INTO shares_prices (share_id,time_start,time_end,price) VALUES (2,DATE_ADD(CURDATE(), INTERVAL -134 DAY),DATE_ADD(CURDATE(), INTERVAL -134 DAY),217);
INSERT INTO shares_prices (share_id,time_start,time_end,price) VALUES (2,DATE_ADD(CURDATE(), INTERVAL -137 DAY),DATE_ADD(CURDATE(), INTERVAL -135 DAY),215.3);
INSERT INTO shares_prices (share_id,time_start,time_end,price) VALUES (2,DATE_ADD(CURDATE(), INTERVAL -138 DAY),DATE_ADD(CURDATE(), INTERVAL -138 DAY),208.5);
INSERT INTO shares_prices (share_id,time_start,time_end,price) VALUES (2,DATE_ADD(CURDATE(), INTERVAL -139 DAY),DATE_ADD(CURDATE(), INTERVAL -139 DAY),206.4);
INSERT INTO shares_prices (share_id,time_start,time_end,price) VALUES (2,DATE_ADD(CURDATE(), INTERVAL -140 DAY),DATE_ADD(CURDATE(), INTERVAL -140 DAY),201);
INSERT INTO shares_prices (share_id,time_start,time_end,price) VALUES (2,DATE_ADD(CURDATE(), INTERVAL -141 DAY),DATE_ADD(CURDATE(), INTERVAL -141 DAY),202.6);
INSERT INTO shares_prices (share_id,time_start,time_end,price) VALUES (2,DATE_ADD(CURDATE(), INTERVAL -144 DAY),DATE_ADD(CURDATE(), INTERVAL -142 DAY),203.9);
INSERT INTO shares_prices (share_id,time_start,time_end,price) VALUES (2,DATE_ADD(CURDATE(), INTERVAL -145 DAY),DATE_ADD(CURDATE(), INTERVAL -145 DAY),204);
INSERT INTO shares_prices (share_id,time_start,time_end,price) VALUES (2,DATE_ADD(CURDATE(), INTERVAL -146 DAY),DATE_ADD(CURDATE(), INTERVAL -146 DAY),202.1);
INSERT INTO shares_prices (share_id,time_start,time_end,price) VALUES (2,DATE_ADD(CURDATE(), INTERVAL -147 DAY),DATE_ADD(CURDATE(), INTERVAL -147 DAY),193.2);
INSERT INTO shares_prices (share_id,time_start,time_end,price) VALUES (2,DATE_ADD(CURDATE(), INTERVAL -148 DAY),DATE_ADD(CURDATE(), INTERVAL -148 DAY),193.8);
INSERT INTO shares_prices (share_id,time_start,time_end,price) VALUES (2,DATE_ADD(CURDATE(), INTERVAL -151 DAY),DATE_ADD(CURDATE(), INTERVAL -149 DAY),195.3);
INSERT INTO shares_prices (share_id,time_start,time_end,price) VALUES (2,DATE_ADD(CURDATE(), INTERVAL -152 DAY),DATE_ADD(CURDATE(), INTERVAL -152 DAY),199);
INSERT INTO shares_prices (share_id,time_start,time_end,price) VALUES (2,DATE_ADD(CURDATE(), INTERVAL -153 DAY),DATE_ADD(CURDATE(), INTERVAL -153 DAY),202.4);
INSERT INTO shares_prices (share_id,time_start,time_end,price) VALUES (2,DATE_ADD(CURDATE(), INTERVAL -154 DAY),DATE_ADD(CURDATE(), INTERVAL -154 DAY),206.2);
INSERT INTO shares_prices (share_id,time_start,time_end,price) VALUES (2,DATE_ADD(CURDATE(), INTERVAL -155 DAY),DATE_ADD(CURDATE(), INTERVAL -155 DAY),212);
INSERT INTO shares_prices (share_id,time_start,time_end,price) VALUES (2,DATE_ADD(CURDATE(), INTERVAL -158 DAY),DATE_ADD(CURDATE(), INTERVAL -156 DAY),207.4);
INSERT INTO shares_prices (share_id,time_start,time_end,price) VALUES (2,DATE_ADD(CURDATE(), INTERVAL -159 DAY),DATE_ADD(CURDATE(), INTERVAL -159 DAY),204.6);
INSERT INTO shares_prices (share_id,time_start,time_end,price) VALUES (2,DATE_ADD(CURDATE(), INTERVAL -160 DAY),DATE_ADD(CURDATE(), INTERVAL -160 DAY),200.1);
INSERT INTO shares_prices (share_id,time_start,time_end,price) VALUES (2,DATE_ADD(CURDATE(), INTERVAL -161 DAY),DATE_ADD(CURDATE(), INTERVAL -161 DAY),202.3);
INSERT INTO shares_prices (share_id,time_start,time_end,price) VALUES (2,DATE_ADD(CURDATE(), INTERVAL -162 DAY),DATE_ADD(CURDATE(), INTERVAL -162 DAY),201.3);
INSERT INTO shares_prices (share_id,time_start,time_end,price) VALUES (2,DATE_ADD(CURDATE(), INTERVAL -165 DAY),DATE_ADD(CURDATE(), INTERVAL -163 DAY),201);
INSERT INTO shares_prices (share_id,time_start,time_end,price) VALUES (2,DATE_ADD(CURDATE(), INTERVAL -166 DAY),DATE_ADD(CURDATE(), INTERVAL -166 DAY),196.6);
INSERT INTO shares_prices (share_id,time_start,time_end,price) VALUES (2,DATE_ADD(CURDATE(), INTERVAL -167 DAY),DATE_ADD(CURDATE(), INTERVAL -167 DAY),197);
INSERT INTO shares_prices (share_id,time_start,time_end,price) VALUES (2,DATE_ADD(CURDATE(), INTERVAL -168 DAY),DATE_ADD(CURDATE(), INTERVAL -168 DAY),192.2);
INSERT INTO shares_prices (share_id,time_start,time_end,price) VALUES (2,DATE_ADD(CURDATE(), INTERVAL -169 DAY),DATE_ADD(CURDATE(), INTERVAL -169 DAY),188.5);
INSERT INTO shares_prices (share_id,time_start,time_end,price) VALUES (2,DATE_ADD(CURDATE(), INTERVAL -171 DAY),DATE_ADD(CURDATE(), INTERVAL -170 DAY),193);
INSERT INTO shares_prices (share_id,time_start,time_end,price) VALUES (2,DATE_ADD(CURDATE(), INTERVAL -172 DAY),DATE_ADD(CURDATE(), INTERVAL -172 DAY),189.1);
INSERT INTO shares_prices (share_id,time_start,time_end,price) VALUES (2,DATE_ADD(CURDATE(), INTERVAL -173 DAY),DATE_ADD(CURDATE(), INTERVAL -173 DAY),188.2);
INSERT INTO shares_prices (share_id,time_start,time_end,price) VALUES (2,DATE_ADD(CURDATE(), INTERVAL -174 DAY),DATE_ADD(CURDATE(), INTERVAL -174 DAY),192);
INSERT INTO shares_prices (share_id,time_start,time_end,price) VALUES (2,DATE_ADD(CURDATE(), INTERVAL -175 DAY),DATE_ADD(CURDATE(), INTERVAL -175 DAY),192);
INSERT INTO shares_prices (share_id,time_start,time_end,price) VALUES (2,DATE_ADD(CURDATE(), INTERVAL -178 DAY),DATE_ADD(CURDATE(), INTERVAL -176 DAY),189);
INSERT INTO shares_prices (share_id,time_start,time_end,price) VALUES (2,DATE_ADD(CURDATE(), INTERVAL -190 DAY),DATE_ADD(CURDATE(), INTERVAL -179 DAY),189.5);
INSERT INTO shares_prices (share_id,time_start,time_end,price) VALUES (2,DATE_ADD(CURDATE(), INTERVAL -200 DAY),DATE_ADD(CURDATE(), INTERVAL -191 DAY),188.3);
INSERT INTO shares_prices (share_id,time_start,time_end,price) VALUES (2,DATE_ADD(CURDATE(), INTERVAL -210 DAY),DATE_ADD(CURDATE(), INTERVAL -201 DAY),187.1);
INSERT INTO shares_prices (share_id,time_start,time_end,price) VALUES (2,DATE_ADD(CURDATE(), INTERVAL -220 DAY),DATE_ADD(CURDATE(), INTERVAL -211 DAY),186.7);
INSERT INTO shares_prices (share_id,time_start,time_end,price) VALUES (2,DATE_ADD(CURDATE(), INTERVAL -230 DAY),DATE_ADD(CURDATE(), INTERVAL -221 DAY),185.4);
INSERT INTO shares_prices (share_id,time_start,time_end,price) VALUES (2,DATE_ADD(CURDATE(), INTERVAL -240 DAY),DATE_ADD(CURDATE(), INTERVAL -231 DAY),186.2);
INSERT INTO shares_prices (share_id,time_start,time_end,price) VALUES (2,DATE_ADD(CURDATE(), INTERVAL -250 DAY),DATE_ADD(CURDATE(), INTERVAL -241 DAY),184.3);
INSERT INTO shares_prices (share_id,time_start,time_end,price) VALUES (2,DATE_ADD(CURDATE(), INTERVAL -260 DAY),DATE_ADD(CURDATE(), INTERVAL -251 DAY),182.1);
INSERT INTO shares_prices (share_id,time_start,time_end,price) VALUES (2,DATE_ADD(CURDATE(), INTERVAL -270 DAY),DATE_ADD(CURDATE(), INTERVAL -261 DAY),183.2);
INSERT INTO shares_prices (share_id,time_start,time_end,price) VALUES (2,DATE_ADD(CURDATE(), INTERVAL -280 DAY),DATE_ADD(CURDATE(), INTERVAL -271 DAY),182.1);
INSERT INTO shares_prices (share_id,time_start,time_end,price) VALUES (2,DATE_ADD(CURDATE(), INTERVAL -290 DAY),DATE_ADD(CURDATE(), INTERVAL -281 DAY),180.9);
INSERT INTO shares_prices (share_id,time_start,time_end,price) VALUES (2,DATE_ADD(CURDATE(), INTERVAL -300 DAY),DATE_ADD(CURDATE(), INTERVAL -291 DAY),179.7);
INSERT INTO shares_prices (share_id,time_start,time_end,price) VALUES (2,DATE_ADD(CURDATE(), INTERVAL -310 DAY),DATE_ADD(CURDATE(), INTERVAL -301 DAY),178.8);
INSERT INTO shares_prices (share_id,time_start,time_end,price) VALUES (2,DATE_ADD(CURDATE(), INTERVAL -320 DAY),DATE_ADD(CURDATE(), INTERVAL -311 DAY),177.9);
INSERT INTO shares_prices (share_id,time_start,time_end,price) VALUES (2,DATE_ADD(CURDATE(), INTERVAL -330 DAY),DATE_ADD(CURDATE(), INTERVAL -321 DAY),177.2);
INSERT INTO shares_prices (share_id,time_start,time_end,price) VALUES (2,DATE_ADD(CURDATE(), INTERVAL -340 DAY),DATE_ADD(CURDATE(), INTERVAL -331 DAY),176.6);
INSERT INTO shares_prices (share_id,time_start,time_end,price) VALUES (2,DATE_ADD(CURDATE(), INTERVAL -350 DAY),DATE_ADD(CURDATE(), INTERVAL -341 DAY),176.9);
INSERT INTO shares_prices (share_id,time_start,time_end,price) VALUES (2,DATE_ADD(CURDATE(), INTERVAL -360 DAY),DATE_ADD(CURDATE(), INTERVAL -351 DAY),176.8);
INSERT INTO shares_prices (share_id,time_start,time_end,price) VALUES (2,DATE_ADD(CURDATE(), INTERVAL -370 DAY),DATE_ADD(CURDATE(), INTERVAL -361 DAY),177.2);
INSERT INTO shares_prices (share_id,time_start,time_end,price) VALUES (2,DATE_ADD(CURDATE(), INTERVAL -380 DAY),DATE_ADD(CURDATE(), INTERVAL -371 DAY),177.3);
INSERT INTO shares_prices (share_id,time_start,time_end,price) VALUES (2,DATE_ADD(CURDATE(), INTERVAL -390 DAY),DATE_ADD(CURDATE(), INTERVAL -381 DAY),177.1);

INSERT INTO shares_prices (share_id,time_start,time_end,price) VALUES (3,DATE_ADD(CURDATE(), INTERVAL 0 DAY),null,6.19);
INSERT INTO shares_prices (share_id,time_start,time_end,price) VALUES (3,DATE_ADD(CURDATE(), INTERVAL -3 DAY),DATE_ADD(CURDATE(), INTERVAL -1 DAY),6.15);
INSERT INTO shares_prices (share_id,time_start,time_end,price) VALUES (3,DATE_ADD(CURDATE(), INTERVAL -4 DAY),DATE_ADD(CURDATE(), INTERVAL -4 DAY),5.52);
INSERT INTO shares_prices (share_id,time_start,time_end,price) VALUES (3,DATE_ADD(CURDATE(), INTERVAL -5 DAY),DATE_ADD(CURDATE(), INTERVAL -5 DAY),5.39);
INSERT INTO shares_prices (share_id,time_start,time_end,price) VALUES (3,DATE_ADD(CURDATE(), INTERVAL -6 DAY),DATE_ADD(CURDATE(), INTERVAL -6 DAY),5.07);
INSERT INTO shares_prices (share_id,time_start,time_end,price) VALUES (3,DATE_ADD(CURDATE(), INTERVAL -7 DAY),DATE_ADD(CURDATE(), INTERVAL -7 DAY),4.96);
INSERT INTO shares_prices (share_id,time_start,time_end,price) VALUES (3,DATE_ADD(CURDATE(), INTERVAL -10 DAY),DATE_ADD(CURDATE(), INTERVAL -8 DAY),4.91);
INSERT INTO shares_prices (share_id,time_start,time_end,price) VALUES (3,DATE_ADD(CURDATE(), INTERVAL -11 DAY),DATE_ADD(CURDATE(), INTERVAL -11 DAY),4.8);
INSERT INTO shares_prices (share_id,time_start,time_end,price) VALUES (3,DATE_ADD(CURDATE(), INTERVAL -12 DAY),DATE_ADD(CURDATE(), INTERVAL -12 DAY),4.77);
INSERT INTO shares_prices (share_id,time_start,time_end,price) VALUES (3,DATE_ADD(CURDATE(), INTERVAL -13 DAY),DATE_ADD(CURDATE(), INTERVAL -13 DAY),4.95);
INSERT INTO shares_prices (share_id,time_start,time_end,price) VALUES (3,DATE_ADD(CURDATE(), INTERVAL -14 DAY),DATE_ADD(CURDATE(), INTERVAL -14 DAY),5.05);
INSERT INTO shares_prices (share_id,time_start,time_end,price) VALUES (3,DATE_ADD(CURDATE(), INTERVAL -17 DAY),DATE_ADD(CURDATE(), INTERVAL -15 DAY),5.63);
INSERT INTO shares_prices (share_id,time_start,time_end,price) VALUES (3,DATE_ADD(CURDATE(), INTERVAL -18 DAY),DATE_ADD(CURDATE(), INTERVAL -18 DAY),5.54);
INSERT INTO shares_prices (share_id,time_start,time_end,price) VALUES (3,DATE_ADD(CURDATE(), INTERVAL -19 DAY),DATE_ADD(CURDATE(), INTERVAL -19 DAY),6.08);
INSERT INTO shares_prices (share_id,time_start,time_end,price) VALUES (3,DATE_ADD(CURDATE(), INTERVAL -20 DAY),DATE_ADD(CURDATE(), INTERVAL -20 DAY),6.42);
INSERT INTO shares_prices (share_id,time_start,time_end,price) VALUES (3,DATE_ADD(CURDATE(), INTERVAL -21 DAY),DATE_ADD(CURDATE(), INTERVAL -21 DAY),6.62);
INSERT INTO shares_prices (share_id,time_start,time_end,price) VALUES (3,DATE_ADD(CURDATE(), INTERVAL -24 DAY),DATE_ADD(CURDATE(), INTERVAL -22 DAY),6.5);
INSERT INTO shares_prices (share_id,time_start,time_end,price) VALUES (3,DATE_ADD(CURDATE(), INTERVAL -25 DAY),DATE_ADD(CURDATE(), INTERVAL -25 DAY),6.66);
INSERT INTO shares_prices (share_id,time_start,time_end,price) VALUES (3,DATE_ADD(CURDATE(), INTERVAL -26 DAY),DATE_ADD(CURDATE(), INTERVAL -26 DAY),7.71);
INSERT INTO shares_prices (share_id,time_start,time_end,price) VALUES (3,DATE_ADD(CURDATE(), INTERVAL -27 DAY),DATE_ADD(CURDATE(), INTERVAL -27 DAY),7.56);
INSERT INTO shares_prices (share_id,time_start,time_end,price) VALUES (3,DATE_ADD(CURDATE(), INTERVAL -28 DAY),DATE_ADD(CURDATE(), INTERVAL -28 DAY),7.52);
INSERT INTO shares_prices (share_id,time_start,time_end,price) VALUES (3,DATE_ADD(CURDATE(), INTERVAL -31 DAY),DATE_ADD(CURDATE(), INTERVAL -29 DAY),7.62);
INSERT INTO shares_prices (share_id,time_start,time_end,price) VALUES (3,DATE_ADD(CURDATE(), INTERVAL -32 DAY),DATE_ADD(CURDATE(), INTERVAL -32 DAY),7.87);
INSERT INTO shares_prices (share_id,time_start,time_end,price) VALUES (3,DATE_ADD(CURDATE(), INTERVAL -33 DAY),DATE_ADD(CURDATE(), INTERVAL -33 DAY),8.38);
INSERT INTO shares_prices (share_id,time_start,time_end,price) VALUES (3,DATE_ADD(CURDATE(), INTERVAL -34 DAY),DATE_ADD(CURDATE(), INTERVAL -34 DAY),8.39);
INSERT INTO shares_prices (share_id,time_start,time_end,price) VALUES (3,DATE_ADD(CURDATE(), INTERVAL -35 DAY),DATE_ADD(CURDATE(), INTERVAL -35 DAY),8.1);
INSERT INTO shares_prices (share_id,time_start,time_end,price) VALUES (3,DATE_ADD(CURDATE(), INTERVAL -38 DAY),DATE_ADD(CURDATE(), INTERVAL -36 DAY),8.13);
INSERT INTO shares_prices (share_id,time_start,time_end,price) VALUES (3,DATE_ADD(CURDATE(), INTERVAL -39 DAY),DATE_ADD(CURDATE(), INTERVAL -39 DAY),8.14);
INSERT INTO shares_prices (share_id,time_start,time_end,price) VALUES (3,DATE_ADD(CURDATE(), INTERVAL -40 DAY),DATE_ADD(CURDATE(), INTERVAL -40 DAY),8.1);
INSERT INTO shares_prices (share_id,time_start,time_end,price) VALUES (3,DATE_ADD(CURDATE(), INTERVAL -41 DAY),DATE_ADD(CURDATE(), INTERVAL -41 DAY),7.96);
INSERT INTO shares_prices (share_id,time_start,time_end,price) VALUES (3,DATE_ADD(CURDATE(), INTERVAL -42 DAY),DATE_ADD(CURDATE(), INTERVAL -42 DAY),8.02);
INSERT INTO shares_prices (share_id,time_start,time_end,price) VALUES (3,DATE_ADD(CURDATE(), INTERVAL -45 DAY),DATE_ADD(CURDATE(), INTERVAL -43 DAY),8.07);
INSERT INTO shares_prices (share_id,time_start,time_end,price) VALUES (3,DATE_ADD(CURDATE(), INTERVAL -46 DAY),DATE_ADD(CURDATE(), INTERVAL -46 DAY),8);
INSERT INTO shares_prices (share_id,time_start,time_end,price) VALUES (3,DATE_ADD(CURDATE(), INTERVAL -47 DAY),DATE_ADD(CURDATE(), INTERVAL -47 DAY),7.58);
INSERT INTO shares_prices (share_id,time_start,time_end,price) VALUES (3,DATE_ADD(CURDATE(), INTERVAL -48 DAY),DATE_ADD(CURDATE(), INTERVAL -48 DAY),7.69);
INSERT INTO shares_prices (share_id,time_start,time_end,price) VALUES (3,DATE_ADD(CURDATE(), INTERVAL -49 DAY),DATE_ADD(CURDATE(), INTERVAL -49 DAY),7.88);
INSERT INTO shares_prices (share_id,time_start,time_end,price) VALUES (3,DATE_ADD(CURDATE(), INTERVAL -52 DAY),DATE_ADD(CURDATE(), INTERVAL -50 DAY),5.46);
INSERT INTO shares_prices (share_id,time_start,time_end,price) VALUES (3,DATE_ADD(CURDATE(), INTERVAL -53 DAY),DATE_ADD(CURDATE(), INTERVAL -53 DAY),7.68);
INSERT INTO shares_prices (share_id,time_start,time_end,price) VALUES (3,DATE_ADD(CURDATE(), INTERVAL -54 DAY),DATE_ADD(CURDATE(), INTERVAL -54 DAY),7.71);
INSERT INTO shares_prices (share_id,time_start,time_end,price) VALUES (3,DATE_ADD(CURDATE(), INTERVAL -55 DAY),DATE_ADD(CURDATE(), INTERVAL -55 DAY),7.82);
INSERT INTO shares_prices (share_id,time_start,time_end,price) VALUES (3,DATE_ADD(CURDATE(), INTERVAL -56 DAY),DATE_ADD(CURDATE(), INTERVAL -56 DAY),8);
INSERT INTO shares_prices (share_id,time_start,time_end,price) VALUES (3,DATE_ADD(CURDATE(), INTERVAL -57 DAY),DATE_ADD(CURDATE(), INTERVAL -57 DAY),8.01);
INSERT INTO shares_prices (share_id,time_start,time_end,price) VALUES (3,DATE_ADD(CURDATE(), INTERVAL -60 DAY),DATE_ADD(CURDATE(), INTERVAL -58 DAY),7.95);
INSERT INTO shares_prices (share_id,time_start,time_end,price) VALUES (3,DATE_ADD(CURDATE(), INTERVAL -61 DAY),DATE_ADD(CURDATE(), INTERVAL -61 DAY),7.95);
INSERT INTO shares_prices (share_id,time_start,time_end,price) VALUES (3,DATE_ADD(CURDATE(), INTERVAL -62 DAY),DATE_ADD(CURDATE(), INTERVAL -62 DAY),7.97);
INSERT INTO shares_prices (share_id,time_start,time_end,price) VALUES (3,DATE_ADD(CURDATE(), INTERVAL -63 DAY),DATE_ADD(CURDATE(), INTERVAL -63 DAY),7.61);
INSERT INTO shares_prices (share_id,time_start,time_end,price) VALUES (3,DATE_ADD(CURDATE(), INTERVAL -64 DAY),DATE_ADD(CURDATE(), INTERVAL -64 DAY),7.3);
INSERT INTO shares_prices (share_id,time_start,time_end,price) VALUES (3,DATE_ADD(CURDATE(), INTERVAL -67 DAY),DATE_ADD(CURDATE(), INTERVAL -65 DAY),7.12);
INSERT INTO shares_prices (share_id,time_start,time_end,price) VALUES (3,DATE_ADD(CURDATE(), INTERVAL -68 DAY),DATE_ADD(CURDATE(), INTERVAL -68 DAY),7.14);
INSERT INTO shares_prices (share_id,time_start,time_end,price) VALUES (3,DATE_ADD(CURDATE(), INTERVAL -69 DAY),DATE_ADD(CURDATE(), INTERVAL -69 DAY),7.14);
INSERT INTO shares_prices (share_id,time_start,time_end,price) VALUES (3,DATE_ADD(CURDATE(), INTERVAL -70 DAY),DATE_ADD(CURDATE(), INTERVAL -70 DAY),7.2);
INSERT INTO shares_prices (share_id,time_start,time_end,price) VALUES (3,DATE_ADD(CURDATE(), INTERVAL -71 DAY),DATE_ADD(CURDATE(), INTERVAL -71 DAY),7.37);
INSERT INTO shares_prices (share_id,time_start,time_end,price) VALUES (3,DATE_ADD(CURDATE(), INTERVAL -74 DAY),DATE_ADD(CURDATE(), INTERVAL -72 DAY),7.72);
INSERT INTO shares_prices (share_id,time_start,time_end,price) VALUES (3,DATE_ADD(CURDATE(), INTERVAL -75 DAY),DATE_ADD(CURDATE(), INTERVAL -75 DAY),7.78);
INSERT INTO shares_prices (share_id,time_start,time_end,price) VALUES (3,DATE_ADD(CURDATE(), INTERVAL -76 DAY),DATE_ADD(CURDATE(), INTERVAL -76 DAY),7.73);
INSERT INTO shares_prices (share_id,time_start,time_end,price) VALUES (3,DATE_ADD(CURDATE(), INTERVAL -77 DAY),DATE_ADD(CURDATE(), INTERVAL -77 DAY),7.88);
INSERT INTO shares_prices (share_id,time_start,time_end,price) VALUES (3,DATE_ADD(CURDATE(), INTERVAL -78 DAY),DATE_ADD(CURDATE(), INTERVAL -78 DAY),8.82);
INSERT INTO shares_prices (share_id,time_start,time_end,price) VALUES (3,DATE_ADD(CURDATE(), INTERVAL -81 DAY),DATE_ADD(CURDATE(), INTERVAL -79 DAY),8.42);
INSERT INTO shares_prices (share_id,time_start,time_end,price) VALUES (3,DATE_ADD(CURDATE(), INTERVAL -82 DAY),DATE_ADD(CURDATE(), INTERVAL -82 DAY),8.36);
INSERT INTO shares_prices (share_id,time_start,time_end,price) VALUES (3,DATE_ADD(CURDATE(), INTERVAL -83 DAY),DATE_ADD(CURDATE(), INTERVAL -83 DAY),8.16);
INSERT INTO shares_prices (share_id,time_start,time_end,price) VALUES (3,DATE_ADD(CURDATE(), INTERVAL -84 DAY),DATE_ADD(CURDATE(), INTERVAL -84 DAY),8.37);
INSERT INTO shares_prices (share_id,time_start,time_end,price) VALUES (3,DATE_ADD(CURDATE(), INTERVAL -85 DAY),DATE_ADD(CURDATE(), INTERVAL -85 DAY),8.12);
INSERT INTO shares_prices (share_id,time_start,time_end,price) VALUES (3,DATE_ADD(CURDATE(), INTERVAL -88 DAY),DATE_ADD(CURDATE(), INTERVAL -86 DAY),7.75);
INSERT INTO shares_prices (share_id,time_start,time_end,price) VALUES (3,DATE_ADD(CURDATE(), INTERVAL -89 DAY),DATE_ADD(CURDATE(), INTERVAL -89 DAY),7.78);
INSERT INTO shares_prices (share_id,time_start,time_end,price) VALUES (3,DATE_ADD(CURDATE(), INTERVAL -90 DAY),DATE_ADD(CURDATE(), INTERVAL -90 DAY),7.99);
INSERT INTO shares_prices (share_id,time_start,time_end,price) VALUES (3,DATE_ADD(CURDATE(), INTERVAL -91 DAY),DATE_ADD(CURDATE(), INTERVAL -91 DAY),8.39);
INSERT INTO shares_prices (share_id,time_start,time_end,price) VALUES (3,DATE_ADD(CURDATE(), INTERVAL -92 DAY),DATE_ADD(CURDATE(), INTERVAL -92 DAY),8.12);
INSERT INTO shares_prices (share_id,time_start,time_end,price) VALUES (3,DATE_ADD(CURDATE(), INTERVAL -95 DAY),DATE_ADD(CURDATE(), INTERVAL -93 DAY),7.75);
INSERT INTO shares_prices (share_id,time_start,time_end,price) VALUES (3,DATE_ADD(CURDATE(), INTERVAL -96 DAY),DATE_ADD(CURDATE(), INTERVAL -96 DAY),7.32);
INSERT INTO shares_prices (share_id,time_start,time_end,price) VALUES (3,DATE_ADD(CURDATE(), INTERVAL -97 DAY),DATE_ADD(CURDATE(), INTERVAL -97 DAY),7.81);
INSERT INTO shares_prices (share_id,time_start,time_end,price) VALUES (3,DATE_ADD(CURDATE(), INTERVAL -98 DAY),DATE_ADD(CURDATE(), INTERVAL -98 DAY),8.2);
INSERT INTO shares_prices (share_id,time_start,time_end,price) VALUES (3,DATE_ADD(CURDATE(), INTERVAL -99 DAY),DATE_ADD(CURDATE(), INTERVAL -99 DAY),8.03);
INSERT INTO shares_prices (share_id,time_start,time_end,price) VALUES (3,DATE_ADD(CURDATE(), INTERVAL -102 DAY),DATE_ADD(CURDATE(), INTERVAL -100 DAY),8.59);
INSERT INTO shares_prices (share_id,time_start,time_end,price) VALUES (3,DATE_ADD(CURDATE(), INTERVAL -103 DAY),DATE_ADD(CURDATE(), INTERVAL -103 DAY),8.48);
INSERT INTO shares_prices (share_id,time_start,time_end,price) VALUES (3,DATE_ADD(CURDATE(), INTERVAL -104 DAY),DATE_ADD(CURDATE(), INTERVAL -104 DAY),8.39);
INSERT INTO shares_prices (share_id,time_start,time_end,price) VALUES (3,DATE_ADD(CURDATE(), INTERVAL -105 DAY),DATE_ADD(CURDATE(), INTERVAL -105 DAY),8.31);
INSERT INTO shares_prices (share_id,time_start,time_end,price) VALUES (3,DATE_ADD(CURDATE(), INTERVAL -106 DAY),DATE_ADD(CURDATE(), INTERVAL -106 DAY),8.67);
INSERT INTO shares_prices (share_id,time_start,time_end,price) VALUES (3,DATE_ADD(CURDATE(), INTERVAL -109 DAY),DATE_ADD(CURDATE(), INTERVAL -107 DAY),8.67);
INSERT INTO shares_prices (share_id,time_start,time_end,price) VALUES (3,DATE_ADD(CURDATE(), INTERVAL -110 DAY),DATE_ADD(CURDATE(), INTERVAL -110 DAY),8.48);
INSERT INTO shares_prices (share_id,time_start,time_end,price) VALUES (3,DATE_ADD(CURDATE(), INTERVAL -111 DAY),DATE_ADD(CURDATE(), INTERVAL -111 DAY),8.91);
INSERT INTO shares_prices (share_id,time_start,time_end,price) VALUES (3,DATE_ADD(CURDATE(), INTERVAL -112 DAY),DATE_ADD(CURDATE(), INTERVAL -112 DAY),8.65);
INSERT INTO shares_prices (share_id,time_start,time_end,price) VALUES (3,DATE_ADD(CURDATE(), INTERVAL -113 DAY),DATE_ADD(CURDATE(), INTERVAL -113 DAY),8.75);
INSERT INTO shares_prices (share_id,time_start,time_end,price) VALUES (3,DATE_ADD(CURDATE(), INTERVAL -116 DAY),DATE_ADD(CURDATE(), INTERVAL -114 DAY),10.72);
INSERT INTO shares_prices (share_id,time_start,time_end,price) VALUES (3,DATE_ADD(CURDATE(), INTERVAL -117 DAY),DATE_ADD(CURDATE(), INTERVAL -117 DAY),10.74);
INSERT INTO shares_prices (share_id,time_start,time_end,price) VALUES (3,DATE_ADD(CURDATE(), INTERVAL -118 DAY),DATE_ADD(CURDATE(), INTERVAL -118 DAY),10.08);
INSERT INTO shares_prices (share_id,time_start,time_end,price) VALUES (3,DATE_ADD(CURDATE(), INTERVAL -119 DAY),DATE_ADD(CURDATE(), INTERVAL -119 DAY),9.71);
INSERT INTO shares_prices (share_id,time_start,time_end,price) VALUES (3,DATE_ADD(CURDATE(), INTERVAL -120 DAY),DATE_ADD(CURDATE(), INTERVAL -120 DAY),8.56);
INSERT INTO shares_prices (share_id,time_start,time_end,price) VALUES (3,DATE_ADD(CURDATE(), INTERVAL -123 DAY),DATE_ADD(CURDATE(), INTERVAL -121 DAY),8.79);
INSERT INTO shares_prices (share_id,time_start,time_end,price) VALUES (3,DATE_ADD(CURDATE(), INTERVAL -124 DAY),DATE_ADD(CURDATE(), INTERVAL -124 DAY),7.97);
INSERT INTO shares_prices (share_id,time_start,time_end,price) VALUES (3,DATE_ADD(CURDATE(), INTERVAL -125 DAY),DATE_ADD(CURDATE(), INTERVAL -125 DAY),7.78);
INSERT INTO shares_prices (share_id,time_start,time_end,price) VALUES (3,DATE_ADD(CURDATE(), INTERVAL -126 DAY),DATE_ADD(CURDATE(), INTERVAL -126 DAY),7.98);
INSERT INTO shares_prices (share_id,time_start,time_end,price) VALUES (3,DATE_ADD(CURDATE(), INTERVAL -127 DAY),DATE_ADD(CURDATE(), INTERVAL -127 DAY),7.65);
INSERT INTO shares_prices (share_id,time_start,time_end,price) VALUES (3,DATE_ADD(CURDATE(), INTERVAL -130 DAY),DATE_ADD(CURDATE(), INTERVAL -128 DAY),8.26);
INSERT INTO shares_prices (share_id,time_start,time_end,price) VALUES (3,DATE_ADD(CURDATE(), INTERVAL -131 DAY),DATE_ADD(CURDATE(), INTERVAL -131 DAY),8.17);
INSERT INTO shares_prices (share_id,time_start,time_end,price) VALUES (3,DATE_ADD(CURDATE(), INTERVAL -132 DAY),DATE_ADD(CURDATE(), INTERVAL -132 DAY),8.63);
INSERT INTO shares_prices (share_id,time_start,time_end,price) VALUES (3,DATE_ADD(CURDATE(), INTERVAL -133 DAY),DATE_ADD(CURDATE(), INTERVAL -133 DAY),8.67);
INSERT INTO shares_prices (share_id,time_start,time_end,price) VALUES (3,DATE_ADD(CURDATE(), INTERVAL -134 DAY),DATE_ADD(CURDATE(), INTERVAL -134 DAY),8.99);
INSERT INTO shares_prices (share_id,time_start,time_end,price) VALUES (3,DATE_ADD(CURDATE(), INTERVAL -137 DAY),DATE_ADD(CURDATE(), INTERVAL -135 DAY),8.91);
INSERT INTO shares_prices (share_id,time_start,time_end,price) VALUES (3,DATE_ADD(CURDATE(), INTERVAL -138 DAY),DATE_ADD(CURDATE(), INTERVAL -138 DAY),8.95);
INSERT INTO shares_prices (share_id,time_start,time_end,price) VALUES (3,DATE_ADD(CURDATE(), INTERVAL -139 DAY),DATE_ADD(CURDATE(), INTERVAL -139 DAY),9.55);
INSERT INTO shares_prices (share_id,time_start,time_end,price) VALUES (3,DATE_ADD(CURDATE(), INTERVAL -140 DAY),DATE_ADD(CURDATE(), INTERVAL -140 DAY),9.55);
INSERT INTO shares_prices (share_id,time_start,time_end,price) VALUES (3,DATE_ADD(CURDATE(), INTERVAL -141 DAY),DATE_ADD(CURDATE(), INTERVAL -141 DAY),9.25);
INSERT INTO shares_prices (share_id,time_start,time_end,price) VALUES (3,DATE_ADD(CURDATE(), INTERVAL -144 DAY),DATE_ADD(CURDATE(), INTERVAL -142 DAY),8.84);
INSERT INTO shares_prices (share_id,time_start,time_end,price) VALUES (3,DATE_ADD(CURDATE(), INTERVAL -145 DAY),DATE_ADD(CURDATE(), INTERVAL -145 DAY),8.65);
INSERT INTO shares_prices (share_id,time_start,time_end,price) VALUES (3,DATE_ADD(CURDATE(), INTERVAL -146 DAY),DATE_ADD(CURDATE(), INTERVAL -146 DAY),8.91);
INSERT INTO shares_prices (share_id,time_start,time_end,price) VALUES (3,DATE_ADD(CURDATE(), INTERVAL -147 DAY),DATE_ADD(CURDATE(), INTERVAL -147 DAY),8.88);
INSERT INTO shares_prices (share_id,time_start,time_end,price) VALUES (3,DATE_ADD(CURDATE(), INTERVAL -148 DAY),DATE_ADD(CURDATE(), INTERVAL -148 DAY),8.99);
INSERT INTO shares_prices (share_id,time_start,time_end,price) VALUES (3,DATE_ADD(CURDATE(), INTERVAL -151 DAY),DATE_ADD(CURDATE(), INTERVAL -149 DAY),8.76);
INSERT INTO shares_prices (share_id,time_start,time_end,price) VALUES (3,DATE_ADD(CURDATE(), INTERVAL -152 DAY),DATE_ADD(CURDATE(), INTERVAL -152 DAY),8.44);
INSERT INTO shares_prices (share_id,time_start,time_end,price) VALUES (3,DATE_ADD(CURDATE(), INTERVAL -153 DAY),DATE_ADD(CURDATE(), INTERVAL -153 DAY),8.6);
INSERT INTO shares_prices (share_id,time_start,time_end,price) VALUES (3,DATE_ADD(CURDATE(), INTERVAL -154 DAY),DATE_ADD(CURDATE(), INTERVAL -154 DAY),8.52);
INSERT INTO shares_prices (share_id,time_start,time_end,price) VALUES (3,DATE_ADD(CURDATE(), INTERVAL -155 DAY),DATE_ADD(CURDATE(), INTERVAL -155 DAY),8.55);
INSERT INTO shares_prices (share_id,time_start,time_end,price) VALUES (3,DATE_ADD(CURDATE(), INTERVAL -158 DAY),DATE_ADD(CURDATE(), INTERVAL -156 DAY),8.72);
INSERT INTO shares_prices (share_id,time_start,time_end,price) VALUES (3,DATE_ADD(CURDATE(), INTERVAL -159 DAY),DATE_ADD(CURDATE(), INTERVAL -159 DAY),8.9);
INSERT INTO shares_prices (share_id,time_start,time_end,price) VALUES (3,DATE_ADD(CURDATE(), INTERVAL -160 DAY),DATE_ADD(CURDATE(), INTERVAL -160 DAY),9.01);
INSERT INTO shares_prices (share_id,time_start,time_end,price) VALUES (3,DATE_ADD(CURDATE(), INTERVAL -161 DAY),DATE_ADD(CURDATE(), INTERVAL -161 DAY),8.96);
INSERT INTO shares_prices (share_id,time_start,time_end,price) VALUES (3,DATE_ADD(CURDATE(), INTERVAL -162 DAY),DATE_ADD(CURDATE(), INTERVAL -162 DAY),9.08);
INSERT INTO shares_prices (share_id,time_start,time_end,price) VALUES (3,DATE_ADD(CURDATE(), INTERVAL -165 DAY),DATE_ADD(CURDATE(), INTERVAL -163 DAY),9.19);
INSERT INTO shares_prices (share_id,time_start,time_end,price) VALUES (3,DATE_ADD(CURDATE(), INTERVAL -166 DAY),DATE_ADD(CURDATE(), INTERVAL -166 DAY),9.69);
INSERT INTO shares_prices (share_id,time_start,time_end,price) VALUES (3,DATE_ADD(CURDATE(), INTERVAL -167 DAY),DATE_ADD(CURDATE(), INTERVAL -167 DAY),10.1);
INSERT INTO shares_prices (share_id,time_start,time_end,price) VALUES (3,DATE_ADD(CURDATE(), INTERVAL -168 DAY),DATE_ADD(CURDATE(), INTERVAL -168 DAY),10.68);
INSERT INTO shares_prices (share_id,time_start,time_end,price) VALUES (3,DATE_ADD(CURDATE(), INTERVAL -169 DAY),DATE_ADD(CURDATE(), INTERVAL -169 DAY),10.25);
INSERT INTO shares_prices (share_id,time_start,time_end,price) VALUES (3,DATE_ADD(CURDATE(), INTERVAL -171 DAY),DATE_ADD(CURDATE(), INTERVAL -170 DAY),10.4);
INSERT INTO shares_prices (share_id,time_start,time_end,price) VALUES (3,DATE_ADD(CURDATE(), INTERVAL -172 DAY),DATE_ADD(CURDATE(), INTERVAL -172 DAY),10.79);
INSERT INTO shares_prices (share_id,time_start,time_end,price) VALUES (3,DATE_ADD(CURDATE(), INTERVAL -178 DAY),DATE_ADD(CURDATE(), INTERVAL -173 DAY),11.03);
INSERT INTO shares_prices (share_id,time_start,time_end,price) VALUES (3,DATE_ADD(CURDATE(), INTERVAL -180 DAY),DATE_ADD(CURDATE(), INTERVAL -179 DAY),12.1);
INSERT INTO shares_prices (share_id,time_start,time_end,price) VALUES (3,DATE_ADD(CURDATE(), INTERVAL -183 DAY),DATE_ADD(CURDATE(), INTERVAL -181 DAY),12.16);
INSERT INTO shares_prices (share_id,time_start,time_end,price) VALUES (3,DATE_ADD(CURDATE(), INTERVAL -186 DAY),DATE_ADD(CURDATE(), INTERVAL -184 DAY),12.22);
INSERT INTO shares_prices (share_id,time_start,time_end,price) VALUES (3,DATE_ADD(CURDATE(), INTERVAL -190 DAY),DATE_ADD(CURDATE(), INTERVAL -187 DAY),12.13);
INSERT INTO shares_prices (share_id,time_start,time_end,price) VALUES (3,DATE_ADD(CURDATE(), INTERVAL -200 DAY),DATE_ADD(CURDATE(), INTERVAL -191 DAY),12.42);
INSERT INTO shares_prices (share_id,time_start,time_end,price) VALUES (3,DATE_ADD(CURDATE(), INTERVAL -210 DAY),DATE_ADD(CURDATE(), INTERVAL -201 DAY),12.48);
INSERT INTO shares_prices (share_id,time_start,time_end,price) VALUES (3,DATE_ADD(CURDATE(), INTERVAL -220 DAY),DATE_ADD(CURDATE(), INTERVAL -211 DAY),12.57);
INSERT INTO shares_prices (share_id,time_start,time_end,price) VALUES (3,DATE_ADD(CURDATE(), INTERVAL -230 DAY),DATE_ADD(CURDATE(), INTERVAL -221 DAY),12.55);
INSERT INTO shares_prices (share_id,time_start,time_end,price) VALUES (3,DATE_ADD(CURDATE(), INTERVAL -240 DAY),DATE_ADD(CURDATE(), INTERVAL -231 DAY),12.61);
INSERT INTO shares_prices (share_id,time_start,time_end,price) VALUES (3,DATE_ADD(CURDATE(), INTERVAL -250 DAY),DATE_ADD(CURDATE(), INTERVAL -241 DAY),12.72);
INSERT INTO shares_prices (share_id,time_start,time_end,price) VALUES (3,DATE_ADD(CURDATE(), INTERVAL -260 DAY),DATE_ADD(CURDATE(), INTERVAL -251 DAY),12.74);
INSERT INTO shares_prices (share_id,time_start,time_end,price) VALUES (3,DATE_ADD(CURDATE(), INTERVAL -270 DAY),DATE_ADD(CURDATE(), INTERVAL -261 DAY),12.8);
INSERT INTO shares_prices (share_id,time_start,time_end,price) VALUES (3,DATE_ADD(CURDATE(), INTERVAL -280 DAY),DATE_ADD(CURDATE(), INTERVAL -271 DAY),12.76);
INSERT INTO shares_prices (share_id,time_start,time_end,price) VALUES (3,DATE_ADD(CURDATE(), INTERVAL -290 DAY),DATE_ADD(CURDATE(), INTERVAL -281 DAY),12.85);
INSERT INTO shares_prices (share_id,time_start,time_end,price) VALUES (3,DATE_ADD(CURDATE(), INTERVAL -300 DAY),DATE_ADD(CURDATE(), INTERVAL -291 DAY),12.89);
INSERT INTO shares_prices (share_id,time_start,time_end,price) VALUES (3,DATE_ADD(CURDATE(), INTERVAL -310 DAY),DATE_ADD(CURDATE(), INTERVAL -301 DAY),12.87);
INSERT INTO shares_prices (share_id,time_start,time_end,price) VALUES (3,DATE_ADD(CURDATE(), INTERVAL -320 DAY),DATE_ADD(CURDATE(), INTERVAL -311 DAY),12.93);
INSERT INTO shares_prices (share_id,time_start,time_end,price) VALUES (3,DATE_ADD(CURDATE(), INTERVAL -330 DAY),DATE_ADD(CURDATE(), INTERVAL -321 DAY),13.02);
INSERT INTO shares_prices (share_id,time_start,time_end,price) VALUES (3,DATE_ADD(CURDATE(), INTERVAL -340 DAY),DATE_ADD(CURDATE(), INTERVAL -331 DAY),12.99);
INSERT INTO shares_prices (share_id,time_start,time_end,price) VALUES (3,DATE_ADD(CURDATE(), INTERVAL -350 DAY),DATE_ADD(CURDATE(), INTERVAL -341 DAY),12.97);
INSERT INTO shares_prices (share_id,time_start,time_end,price) VALUES (3,DATE_ADD(CURDATE(), INTERVAL -360 DAY),DATE_ADD(CURDATE(), INTERVAL -351 DAY),12.95);
INSERT INTO shares_prices (share_id,time_start,time_end,price) VALUES (3,DATE_ADD(CURDATE(), INTERVAL -370 DAY),DATE_ADD(CURDATE(), INTERVAL -361 DAY),12.99);
INSERT INTO shares_prices (share_id,time_start,time_end,price) VALUES (3,DATE_ADD(CURDATE(), INTERVAL -380 DAY),DATE_ADD(CURDATE(), INTERVAL -371 DAY),13.02);
INSERT INTO shares_prices (share_id,time_start,time_end,price) VALUES (3,DATE_ADD(CURDATE(), INTERVAL -390 DAY),DATE_ADD(CURDATE(), INTERVAL -381 DAY),13.1);

INSERT INTO shares_prices (share_id,time_start,time_end,price) VALUES (4,DATE_ADD(CURDATE(), INTERVAL 0 DAY),null,75.38);
INSERT INTO shares_prices (share_id,time_start,time_end,price) VALUES (4,DATE_ADD(CURDATE(), INTERVAL -3 DAY),DATE_ADD(CURDATE(), INTERVAL -1 DAY),75.3);
INSERT INTO shares_prices (share_id,time_start,time_end,price) VALUES (4,DATE_ADD(CURDATE(), INTERVAL -4 DAY),DATE_ADD(CURDATE(), INTERVAL -4 DAY),74.09);
INSERT INTO shares_prices (share_id,time_start,time_end,price) VALUES (4,DATE_ADD(CURDATE(), INTERVAL -5 DAY),DATE_ADD(CURDATE(), INTERVAL -5 DAY),75.61);
INSERT INTO shares_prices (share_id,time_start,time_end,price) VALUES (4,DATE_ADD(CURDATE(), INTERVAL -6 DAY),DATE_ADD(CURDATE(), INTERVAL -6 DAY),74.45);
INSERT INTO shares_prices (share_id,time_start,time_end,price) VALUES (4,DATE_ADD(CURDATE(), INTERVAL -7 DAY),DATE_ADD(CURDATE(), INTERVAL -7 DAY),73.66);
INSERT INTO shares_prices (share_id,time_start,time_end,price) VALUES (4,DATE_ADD(CURDATE(), INTERVAL -10 DAY),DATE_ADD(CURDATE(), INTERVAL -8 DAY),73.65);
INSERT INTO shares_prices (share_id,time_start,time_end,price) VALUES (4,DATE_ADD(CURDATE(), INTERVAL -11 DAY),DATE_ADD(CURDATE(), INTERVAL -11 DAY),73.76);
INSERT INTO shares_prices (share_id,time_start,time_end,price) VALUES (4,DATE_ADD(CURDATE(), INTERVAL -12 DAY),DATE_ADD(CURDATE(), INTERVAL -12 DAY),74.59);
INSERT INTO shares_prices (share_id,time_start,time_end,price) VALUES (4,DATE_ADD(CURDATE(), INTERVAL -13 DAY),DATE_ADD(CURDATE(), INTERVAL -13 DAY),75.45);
INSERT INTO shares_prices (share_id,time_start,time_end,price) VALUES (4,DATE_ADD(CURDATE(), INTERVAL -14 DAY),DATE_ADD(CURDATE(), INTERVAL -14 DAY),75.61);
INSERT INTO shares_prices (share_id,time_start,time_end,price) VALUES (4,DATE_ADD(CURDATE(), INTERVAL -17 DAY),DATE_ADD(CURDATE(), INTERVAL -15 DAY),75.47);
INSERT INTO shares_prices (share_id,time_start,time_end,price) VALUES (4,DATE_ADD(CURDATE(), INTERVAL -18 DAY),DATE_ADD(CURDATE(), INTERVAL -18 DAY),75.3);
INSERT INTO shares_prices (share_id,time_start,time_end,price) VALUES (4,DATE_ADD(CURDATE(), INTERVAL -19 DAY),DATE_ADD(CURDATE(), INTERVAL -19 DAY),76.11);
INSERT INTO shares_prices (share_id,time_start,time_end,price) VALUES (4,DATE_ADD(CURDATE(), INTERVAL -20 DAY),DATE_ADD(CURDATE(), INTERVAL -20 DAY),77.52);
INSERT INTO shares_prices (share_id,time_start,time_end,price) VALUES (4,DATE_ADD(CURDATE(), INTERVAL -21 DAY),DATE_ADD(CURDATE(), INTERVAL -21 DAY),77.41);
INSERT INTO shares_prices (share_id,time_start,time_end,price) VALUES (4,DATE_ADD(CURDATE(), INTERVAL -24 DAY),DATE_ADD(CURDATE(), INTERVAL -22 DAY),79.24);
INSERT INTO shares_prices (share_id,time_start,time_end,price) VALUES (4,DATE_ADD(CURDATE(), INTERVAL -25 DAY),DATE_ADD(CURDATE(), INTERVAL -25 DAY),80.06);
INSERT INTO shares_prices (share_id,time_start,time_end,price) VALUES (4,DATE_ADD(CURDATE(), INTERVAL -26 DAY),DATE_ADD(CURDATE(), INTERVAL -26 DAY),79.88);
INSERT INTO shares_prices (share_id,time_start,time_end,price) VALUES (4,DATE_ADD(CURDATE(), INTERVAL -27 DAY),DATE_ADD(CURDATE(), INTERVAL -27 DAY),80.35);
INSERT INTO shares_prices (share_id,time_start,time_end,price) VALUES (4,DATE_ADD(CURDATE(), INTERVAL -28 DAY),DATE_ADD(CURDATE(), INTERVAL -28 DAY),82.62);
INSERT INTO shares_prices (share_id,time_start,time_end,price) VALUES (4,DATE_ADD(CURDATE(), INTERVAL -31 DAY),DATE_ADD(CURDATE(), INTERVAL -29 DAY),84.37);
INSERT INTO shares_prices (share_id,time_start,time_end,price) VALUES (4,DATE_ADD(CURDATE(), INTERVAL -32 DAY),DATE_ADD(CURDATE(), INTERVAL -32 DAY),84.18);
INSERT INTO shares_prices (share_id,time_start,time_end,price) VALUES (4,DATE_ADD(CURDATE(), INTERVAL -33 DAY),DATE_ADD(CURDATE(), INTERVAL -33 DAY),87.19);
INSERT INTO shares_prices (share_id,time_start,time_end,price) VALUES (4,DATE_ADD(CURDATE(), INTERVAL -34 DAY),DATE_ADD(CURDATE(), INTERVAL -34 DAY),86.66);
INSERT INTO shares_prices (share_id,time_start,time_end,price) VALUES (4,DATE_ADD(CURDATE(), INTERVAL -35 DAY),DATE_ADD(CURDATE(), INTERVAL -35 DAY),84.2);
INSERT INTO shares_prices (share_id,time_start,time_end,price) VALUES (4,DATE_ADD(CURDATE(), INTERVAL -38 DAY),DATE_ADD(CURDATE(), INTERVAL -36 DAY),86.03);
INSERT INTO shares_prices (share_id,time_start,time_end,price) VALUES (4,DATE_ADD(CURDATE(), INTERVAL -39 DAY),DATE_ADD(CURDATE(), INTERVAL -39 DAY),85.32);
INSERT INTO shares_prices (share_id,time_start,time_end,price) VALUES (4,DATE_ADD(CURDATE(), INTERVAL -40 DAY),DATE_ADD(CURDATE(), INTERVAL -40 DAY),84.78);
INSERT INTO shares_prices (share_id,time_start,time_end,price) VALUES (4,DATE_ADD(CURDATE(), INTERVAL -41 DAY),DATE_ADD(CURDATE(), INTERVAL -41 DAY),85.16);
INSERT INTO shares_prices (share_id,time_start,time_end,price) VALUES (4,DATE_ADD(CURDATE(), INTERVAL -42 DAY),DATE_ADD(CURDATE(), INTERVAL -42 DAY),85.05);
INSERT INTO shares_prices (share_id,time_start,time_end,price) VALUES (4,DATE_ADD(CURDATE(), INTERVAL -45 DAY),DATE_ADD(CURDATE(), INTERVAL -43 DAY),85.89);
INSERT INTO shares_prices (share_id,time_start,time_end,price) VALUES (4,DATE_ADD(CURDATE(), INTERVAL -46 DAY),DATE_ADD(CURDATE(), INTERVAL -46 DAY),85.75);
INSERT INTO shares_prices (share_id,time_start,time_end,price) VALUES (4,DATE_ADD(CURDATE(), INTERVAL -47 DAY),DATE_ADD(CURDATE(), INTERVAL -47 DAY),83.71);
INSERT INTO shares_prices (share_id,time_start,time_end,price) VALUES (4,DATE_ADD(CURDATE(), INTERVAL -48 DAY),DATE_ADD(CURDATE(), INTERVAL -48 DAY),85.86);
INSERT INTO shares_prices (share_id,time_start,time_end,price) VALUES (4,DATE_ADD(CURDATE(), INTERVAL -49 DAY),DATE_ADD(CURDATE(), INTERVAL -49 DAY),86.63);
INSERT INTO shares_prices (share_id,time_start,time_end,price) VALUES (4,DATE_ADD(CURDATE(), INTERVAL -52 DAY),DATE_ADD(CURDATE(), INTERVAL -50 DAY),87.43);
INSERT INTO shares_prices (share_id,time_start,time_end,price) VALUES (4,DATE_ADD(CURDATE(), INTERVAL -53 DAY),DATE_ADD(CURDATE(), INTERVAL -53 DAY),86.34);
INSERT INTO shares_prices (share_id,time_start,time_end,price) VALUES (4,DATE_ADD(CURDATE(), INTERVAL -54 DAY),DATE_ADD(CURDATE(), INTERVAL -54 DAY),85.75);
INSERT INTO shares_prices (share_id,time_start,time_end,price) VALUES (4,DATE_ADD(CURDATE(), INTERVAL -55 DAY),DATE_ADD(CURDATE(), INTERVAL -55 DAY),86.6);
INSERT INTO shares_prices (share_id,time_start,time_end,price) VALUES (4,DATE_ADD(CURDATE(), INTERVAL -56 DAY),DATE_ADD(CURDATE(), INTERVAL -56 DAY),86.91);
INSERT INTO shares_prices (share_id,time_start,time_end,price) VALUES (4,DATE_ADD(CURDATE(), INTERVAL -57 DAY),DATE_ADD(CURDATE(), INTERVAL -57 DAY),86.78);
INSERT INTO shares_prices (share_id,time_start,time_end,price) VALUES (4,DATE_ADD(CURDATE(), INTERVAL -60 DAY),DATE_ADD(CURDATE(), INTERVAL -58 DAY),86.26);
INSERT INTO shares_prices (share_id,time_start,time_end,price) VALUES (4,DATE_ADD(CURDATE(), INTERVAL -61 DAY),DATE_ADD(CURDATE(), INTERVAL -61 DAY),85.19);
INSERT INTO shares_prices (share_id,time_start,time_end,price) VALUES (4,DATE_ADD(CURDATE(), INTERVAL -62 DAY),DATE_ADD(CURDATE(), INTERVAL -62 DAY),84.61);
INSERT INTO shares_prices (share_id,time_start,time_end,price) VALUES (4,DATE_ADD(CURDATE(), INTERVAL -63 DAY),DATE_ADD(CURDATE(), INTERVAL -63 DAY),84.19);
INSERT INTO shares_prices (share_id,time_start,time_end,price) VALUES (4,DATE_ADD(CURDATE(), INTERVAL -64 DAY),DATE_ADD(CURDATE(), INTERVAL -64 DAY),82.98);
INSERT INTO shares_prices (share_id,time_start,time_end,price) VALUES (4,DATE_ADD(CURDATE(), INTERVAL -67 DAY),DATE_ADD(CURDATE(), INTERVAL -65 DAY),83.9);
INSERT INTO shares_prices (share_id,time_start,time_end,price) VALUES (4,DATE_ADD(CURDATE(), INTERVAL -68 DAY),DATE_ADD(CURDATE(), INTERVAL -68 DAY),83.82);
INSERT INTO shares_prices (share_id,time_start,time_end,price) VALUES (4,DATE_ADD(CURDATE(), INTERVAL -69 DAY),DATE_ADD(CURDATE(), INTERVAL -69 DAY),83.26);
INSERT INTO shares_prices (share_id,time_start,time_end,price) VALUES (4,DATE_ADD(CURDATE(), INTERVAL -70 DAY),DATE_ADD(CURDATE(), INTERVAL -70 DAY),85.46);
INSERT INTO shares_prices (share_id,time_start,time_end,price) VALUES (4,DATE_ADD(CURDATE(), INTERVAL -71 DAY),DATE_ADD(CURDATE(), INTERVAL -71 DAY),83.96);
INSERT INTO shares_prices (share_id,time_start,time_end,price) VALUES (4,DATE_ADD(CURDATE(), INTERVAL -74 DAY),DATE_ADD(CURDATE(), INTERVAL -72 DAY),83.11);
INSERT INTO shares_prices (share_id,time_start,time_end,price) VALUES (4,DATE_ADD(CURDATE(), INTERVAL -75 DAY),DATE_ADD(CURDATE(), INTERVAL -75 DAY),82.72);
INSERT INTO shares_prices (share_id,time_start,time_end,price) VALUES (4,DATE_ADD(CURDATE(), INTERVAL -76 DAY),DATE_ADD(CURDATE(), INTERVAL -76 DAY),82.46);
INSERT INTO shares_prices (share_id,time_start,time_end,price) VALUES (4,DATE_ADD(CURDATE(), INTERVAL -77 DAY),DATE_ADD(CURDATE(), INTERVAL -77 DAY),82.61);
INSERT INTO shares_prices (share_id,time_start,time_end,price) VALUES (4,DATE_ADD(CURDATE(), INTERVAL -78 DAY),DATE_ADD(CURDATE(), INTERVAL -78 DAY),83.58);
INSERT INTO shares_prices (share_id,time_start,time_end,price) VALUES (4,DATE_ADD(CURDATE(), INTERVAL -81 DAY),DATE_ADD(CURDATE(), INTERVAL -79 DAY),82.69);
INSERT INTO shares_prices (share_id,time_start,time_end,price) VALUES (4,DATE_ADD(CURDATE(), INTERVAL -82 DAY),DATE_ADD(CURDATE(), INTERVAL -82 DAY),82.89);
INSERT INTO shares_prices (share_id,time_start,time_end,price) VALUES (4,DATE_ADD(CURDATE(), INTERVAL -83 DAY),DATE_ADD(CURDATE(), INTERVAL -83 DAY),82.32);
INSERT INTO shares_prices (share_id,time_start,time_end,price) VALUES (4,DATE_ADD(CURDATE(), INTERVAL -84 DAY),DATE_ADD(CURDATE(), INTERVAL -84 DAY),82.23);
INSERT INTO shares_prices (share_id,time_start,time_end,price) VALUES (4,DATE_ADD(CURDATE(), INTERVAL -85 DAY),DATE_ADD(CURDATE(), INTERVAL -85 DAY),81.1);
INSERT INTO shares_prices (share_id,time_start,time_end,price) VALUES (4,DATE_ADD(CURDATE(), INTERVAL -88 DAY),DATE_ADD(CURDATE(), INTERVAL -86 DAY),80.63);
INSERT INTO shares_prices (share_id,time_start,time_end,price) VALUES (4,DATE_ADD(CURDATE(), INTERVAL -89 DAY),DATE_ADD(CURDATE(), INTERVAL -89 DAY),79.32);
INSERT INTO shares_prices (share_id,time_start,time_end,price) VALUES (4,DATE_ADD(CURDATE(), INTERVAL -90 DAY),DATE_ADD(CURDATE(), INTERVAL -90 DAY),78.57);
INSERT INTO shares_prices (share_id,time_start,time_end,price) VALUES (4,DATE_ADD(CURDATE(), INTERVAL -91 DAY),DATE_ADD(CURDATE(), INTERVAL -91 DAY),76.84);
INSERT INTO shares_prices (share_id,time_start,time_end,price) VALUES (4,DATE_ADD(CURDATE(), INTERVAL -92 DAY),DATE_ADD(CURDATE(), INTERVAL -92 DAY),75.19);
INSERT INTO shares_prices (share_id,time_start,time_end,price) VALUES (4,DATE_ADD(CURDATE(), INTERVAL -95 DAY),DATE_ADD(CURDATE(), INTERVAL -93 DAY),75.07);
INSERT INTO shares_prices (share_id,time_start,time_end,price) VALUES (4,DATE_ADD(CURDATE(), INTERVAL -96 DAY),DATE_ADD(CURDATE(), INTERVAL -96 DAY),77.27);
INSERT INTO shares_prices (share_id,time_start,time_end,price) VALUES (4,DATE_ADD(CURDATE(), INTERVAL -97 DAY),DATE_ADD(CURDATE(), INTERVAL -97 DAY),77.42);
INSERT INTO shares_prices (share_id,time_start,time_end,price) VALUES (4,DATE_ADD(CURDATE(), INTERVAL -98 DAY),DATE_ADD(CURDATE(), INTERVAL -98 DAY),78.81);
INSERT INTO shares_prices (share_id,time_start,time_end,price) VALUES (4,DATE_ADD(CURDATE(), INTERVAL -99 DAY),DATE_ADD(CURDATE(), INTERVAL -99 DAY),78.3);
INSERT INTO shares_prices (share_id,time_start,time_end,price) VALUES (4,DATE_ADD(CURDATE(), INTERVAL -102 DAY),DATE_ADD(CURDATE(), INTERVAL -100 DAY),78.93);
INSERT INTO shares_prices (share_id,time_start,time_end,price) VALUES (4,DATE_ADD(CURDATE(), INTERVAL -103 DAY),DATE_ADD(CURDATE(), INTERVAL -103 DAY),79.93);
INSERT INTO shares_prices (share_id,time_start,time_end,price) VALUES (4,DATE_ADD(CURDATE(), INTERVAL -104 DAY),DATE_ADD(CURDATE(), INTERVAL -104 DAY),80.37);
INSERT INTO shares_prices (share_id,time_start,time_end,price) VALUES (4,DATE_ADD(CURDATE(), INTERVAL -105 DAY),DATE_ADD(CURDATE(), INTERVAL -105 DAY),80.58);
INSERT INTO shares_prices (share_id,time_start,time_end,price) VALUES (4,DATE_ADD(CURDATE(), INTERVAL -106 DAY),DATE_ADD(CURDATE(), INTERVAL -106 DAY),79.14);
INSERT INTO shares_prices (share_id,time_start,time_end,price) VALUES (4,DATE_ADD(CURDATE(), INTERVAL -109 DAY),DATE_ADD(CURDATE(), INTERVAL -107 DAY),80.31);
INSERT INTO shares_prices (share_id,time_start,time_end,price) VALUES (4,DATE_ADD(CURDATE(), INTERVAL -110 DAY),DATE_ADD(CURDATE(), INTERVAL -110 DAY),78.78);
INSERT INTO shares_prices (share_id,time_start,time_end,price) VALUES (4,DATE_ADD(CURDATE(), INTERVAL -111 DAY),DATE_ADD(CURDATE(), INTERVAL -111 DAY),78.87);
INSERT INTO shares_prices (share_id,time_start,time_end,price) VALUES (4,DATE_ADD(CURDATE(), INTERVAL -112 DAY),DATE_ADD(CURDATE(), INTERVAL -112 DAY),79.89);
INSERT INTO shares_prices (share_id,time_start,time_end,price) VALUES (4,DATE_ADD(CURDATE(), INTERVAL -113 DAY),DATE_ADD(CURDATE(), INTERVAL -113 DAY),77.66);
INSERT INTO shares_prices (share_id,time_start,time_end,price) VALUES (4,DATE_ADD(CURDATE(), INTERVAL -116 DAY),DATE_ADD(CURDATE(), INTERVAL -114 DAY),78.25);
INSERT INTO shares_prices (share_id,time_start,time_end,price) VALUES (4,DATE_ADD(CURDATE(), INTERVAL -117 DAY),DATE_ADD(CURDATE(), INTERVAL -117 DAY),79.15);
INSERT INTO shares_prices (share_id,time_start,time_end,price) VALUES (4,DATE_ADD(CURDATE(), INTERVAL -118 DAY),DATE_ADD(CURDATE(), INTERVAL -118 DAY),77.73);
INSERT INTO shares_prices (share_id,time_start,time_end,price) VALUES (4,DATE_ADD(CURDATE(), INTERVAL -119 DAY),DATE_ADD(CURDATE(), INTERVAL -119 DAY),80.08);
INSERT INTO shares_prices (share_id,time_start,time_end,price) VALUES (4,DATE_ADD(CURDATE(), INTERVAL -120 DAY),DATE_ADD(CURDATE(), INTERVAL -120 DAY),78.89);
INSERT INTO shares_prices (share_id,time_start,time_end,price) VALUES (4,DATE_ADD(CURDATE(), INTERVAL -123 DAY),DATE_ADD(CURDATE(), INTERVAL -121 DAY),79.12);
INSERT INTO shares_prices (share_id,time_start,time_end,price) VALUES (4,DATE_ADD(CURDATE(), INTERVAL -124 DAY),DATE_ADD(CURDATE(), INTERVAL -124 DAY),79.07);
INSERT INTO shares_prices (share_id,time_start,time_end,price) VALUES (4,DATE_ADD(CURDATE(), INTERVAL -125 DAY),DATE_ADD(CURDATE(), INTERVAL -125 DAY),79.46);
INSERT INTO shares_prices (share_id,time_start,time_end,price) VALUES (4,DATE_ADD(CURDATE(), INTERVAL -126 DAY),DATE_ADD(CURDATE(), INTERVAL -126 DAY),80.58);
INSERT INTO shares_prices (share_id,time_start,time_end,price) VALUES (4,DATE_ADD(CURDATE(), INTERVAL -127 DAY),DATE_ADD(CURDATE(), INTERVAL -127 DAY),78.16);
INSERT INTO shares_prices (share_id,time_start,time_end,price) VALUES (4,DATE_ADD(CURDATE(), INTERVAL -130 DAY),DATE_ADD(CURDATE(), INTERVAL -128 DAY),79.12);
INSERT INTO shares_prices (share_id,time_start,time_end,price) VALUES (4,DATE_ADD(CURDATE(), INTERVAL -131 DAY),DATE_ADD(CURDATE(), INTERVAL -131 DAY),76.4);
INSERT INTO shares_prices (share_id,time_start,time_end,price) VALUES (4,DATE_ADD(CURDATE(), INTERVAL -132 DAY),DATE_ADD(CURDATE(), INTERVAL -132 DAY),76.79);
INSERT INTO shares_prices (share_id,time_start,time_end,price) VALUES (4,DATE_ADD(CURDATE(), INTERVAL -133 DAY),DATE_ADD(CURDATE(), INTERVAL -133 DAY),77.72);
INSERT INTO shares_prices (share_id,time_start,time_end,price) VALUES (4,DATE_ADD(CURDATE(), INTERVAL -134 DAY),DATE_ADD(CURDATE(), INTERVAL -134 DAY),78.25);
INSERT INTO shares_prices (share_id,time_start,time_end,price) VALUES (4,DATE_ADD(CURDATE(), INTERVAL -137 DAY),DATE_ADD(CURDATE(), INTERVAL -135 DAY),80.2);
INSERT INTO shares_prices (share_id,time_start,time_end,price) VALUES (4,DATE_ADD(CURDATE(), INTERVAL -138 DAY),DATE_ADD(CURDATE(), INTERVAL -138 DAY),80.31);
INSERT INTO shares_prices (share_id,time_start,time_end,price) VALUES (4,DATE_ADD(CURDATE(), INTERVAL -139 DAY),DATE_ADD(CURDATE(), INTERVAL -139 DAY),79.39);
INSERT INTO shares_prices (share_id,time_start,time_end,price) VALUES (4,DATE_ADD(CURDATE(), INTERVAL -140 DAY),DATE_ADD(CURDATE(), INTERVAL -140 DAY),77.51);
INSERT INTO shares_prices (share_id,time_start,time_end,price) VALUES (4,DATE_ADD(CURDATE(), INTERVAL -141 DAY),DATE_ADD(CURDATE(), INTERVAL -141 DAY),76.97);
INSERT INTO shares_prices (share_id,time_start,time_end,price) VALUES (4,DATE_ADD(CURDATE(), INTERVAL -144 DAY),DATE_ADD(CURDATE(), INTERVAL -142 DAY),77.48);
INSERT INTO shares_prices (share_id,time_start,time_end,price) VALUES (4,DATE_ADD(CURDATE(), INTERVAL -145 DAY),DATE_ADD(CURDATE(), INTERVAL -145 DAY),76.05);
INSERT INTO shares_prices (share_id,time_start,time_end,price) VALUES (4,DATE_ADD(CURDATE(), INTERVAL -146 DAY),DATE_ADD(CURDATE(), INTERVAL -146 DAY),77.86);
INSERT INTO shares_prices (share_id,time_start,time_end,price) VALUES (4,DATE_ADD(CURDATE(), INTERVAL -147 DAY),DATE_ADD(CURDATE(), INTERVAL -147 DAY),77.02);
INSERT INTO shares_prices (share_id,time_start,time_end,price) VALUES (4,DATE_ADD(CURDATE(), INTERVAL -148 DAY),DATE_ADD(CURDATE(), INTERVAL -148 DAY),78.54);
INSERT INTO shares_prices (share_id,time_start,time_end,price) VALUES (4,DATE_ADD(CURDATE(), INTERVAL -151 DAY),DATE_ADD(CURDATE(), INTERVAL -149 DAY),81.45);
INSERT INTO shares_prices (share_id,time_start,time_end,price) VALUES (4,DATE_ADD(CURDATE(), INTERVAL -152 DAY),DATE_ADD(CURDATE(), INTERVAL -152 DAY),81.98);
INSERT INTO shares_prices (share_id,time_start,time_end,price) VALUES (4,DATE_ADD(CURDATE(), INTERVAL -153 DAY),DATE_ADD(CURDATE(), INTERVAL -153 DAY),84.59);
INSERT INTO shares_prices (share_id,time_start,time_end,price) VALUES (4,DATE_ADD(CURDATE(), INTERVAL -154 DAY),DATE_ADD(CURDATE(), INTERVAL -154 DAY),84.3);
INSERT INTO shares_prices (share_id,time_start,time_end,price) VALUES (4,DATE_ADD(CURDATE(), INTERVAL -155 DAY),DATE_ADD(CURDATE(), INTERVAL -155 DAY),82.9);
INSERT INTO shares_prices (share_id,time_start,time_end,price) VALUES (4,DATE_ADD(CURDATE(), INTERVAL -158 DAY),DATE_ADD(CURDATE(), INTERVAL -156 DAY),83.6);
INSERT INTO shares_prices (share_id,time_start,time_end,price) VALUES (4,DATE_ADD(CURDATE(), INTERVAL -159 DAY),DATE_ADD(CURDATE(), INTERVAL -159 DAY),84.02);
INSERT INTO shares_prices (share_id,time_start,time_end,price) VALUES (4,DATE_ADD(CURDATE(), INTERVAL -160 DAY),DATE_ADD(CURDATE(), INTERVAL -160 DAY),83.42);
INSERT INTO shares_prices (share_id,time_start,time_end,price) VALUES (4,DATE_ADD(CURDATE(), INTERVAL -161 DAY),DATE_ADD(CURDATE(), INTERVAL -161 DAY),84.34);
INSERT INTO shares_prices (share_id,time_start,time_end,price) VALUES (4,DATE_ADD(CURDATE(), INTERVAL -162 DAY),DATE_ADD(CURDATE(), INTERVAL -162 DAY),83.49);
INSERT INTO shares_prices (share_id,time_start,time_end,price) VALUES (4,DATE_ADD(CURDATE(), INTERVAL -165 DAY),DATE_ADD(CURDATE(), INTERVAL -163 DAY),83.19);
INSERT INTO shares_prices (share_id,time_start,time_end,price) VALUES (4,DATE_ADD(CURDATE(), INTERVAL -166 DAY),DATE_ADD(CURDATE(), INTERVAL -166 DAY),84.13);
INSERT INTO shares_prices (share_id,time_start,time_end,price) VALUES (4,DATE_ADD(CURDATE(), INTERVAL -167 DAY),DATE_ADD(CURDATE(), INTERVAL -167 DAY),83.11);
INSERT INTO shares_prices (share_id,time_start,time_end,price) VALUES (4,DATE_ADD(CURDATE(), INTERVAL -168 DAY),DATE_ADD(CURDATE(), INTERVAL -168 DAY),82.92);
INSERT INTO shares_prices (share_id,time_start,time_end,price) VALUES (4,DATE_ADD(CURDATE(), INTERVAL -169 DAY),DATE_ADD(CURDATE(), INTERVAL -169 DAY),82.36);
INSERT INTO shares_prices (share_id,time_start,time_end,price) VALUES (4,DATE_ADD(CURDATE(), INTERVAL -171 DAY),DATE_ADD(CURDATE(), INTERVAL -170 DAY),83.41);
INSERT INTO shares_prices (share_id,time_start,time_end,price) VALUES (4,DATE_ADD(CURDATE(), INTERVAL -172 DAY),DATE_ADD(CURDATE(), INTERVAL -172 DAY),83.75);
INSERT INTO shares_prices (share_id,time_start,time_end,price) VALUES (4,DATE_ADD(CURDATE(), INTERVAL -173 DAY),DATE_ADD(CURDATE(), INTERVAL -173 DAY),84.91);
INSERT INTO shares_prices (share_id,time_start,time_end,price) VALUES (4,DATE_ADD(CURDATE(), INTERVAL -174 DAY),DATE_ADD(CURDATE(), INTERVAL -174 DAY),84.55);
INSERT INTO shares_prices (share_id,time_start,time_end,price) VALUES (4,DATE_ADD(CURDATE(), INTERVAL -175 DAY),DATE_ADD(CURDATE(), INTERVAL -175 DAY),85.06);
INSERT INTO shares_prices (share_id,time_start,time_end,price) VALUES (4,DATE_ADD(CURDATE(), INTERVAL -180 DAY),DATE_ADD(CURDATE(), INTERVAL -176 DAY),85.06);
INSERT INTO shares_prices (share_id,time_start,time_end,price) VALUES (4,DATE_ADD(CURDATE(), INTERVAL -190 DAY),DATE_ADD(CURDATE(), INTERVAL -181 DAY),84.57);
INSERT INTO shares_prices (share_id,time_start,time_end,price) VALUES (4,DATE_ADD(CURDATE(), INTERVAL -200 DAY),DATE_ADD(CURDATE(), INTERVAL -191 DAY),84.32);
INSERT INTO shares_prices (share_id,time_start,time_end,price) VALUES (4,DATE_ADD(CURDATE(), INTERVAL -210 DAY),DATE_ADD(CURDATE(), INTERVAL -201 DAY),84.09);
INSERT INTO shares_prices (share_id,time_start,time_end,price) VALUES (4,DATE_ADD(CURDATE(), INTERVAL -220 DAY),DATE_ADD(CURDATE(), INTERVAL -211 DAY),84.36);
INSERT INTO shares_prices (share_id,time_start,time_end,price) VALUES (4,DATE_ADD(CURDATE(), INTERVAL -230 DAY),DATE_ADD(CURDATE(), INTERVAL -221 DAY),84.11);
INSERT INTO shares_prices (share_id,time_start,time_end,price) VALUES (4,DATE_ADD(CURDATE(), INTERVAL -240 DAY),DATE_ADD(CURDATE(), INTERVAL -231 DAY),83.99);
INSERT INTO shares_prices (share_id,time_start,time_end,price) VALUES (4,DATE_ADD(CURDATE(), INTERVAL -250 DAY),DATE_ADD(CURDATE(), INTERVAL -241 DAY),83.47);
INSERT INTO shares_prices (share_id,time_start,time_end,price) VALUES (4,DATE_ADD(CURDATE(), INTERVAL -260 DAY),DATE_ADD(CURDATE(), INTERVAL -251 DAY),83.05);
INSERT INTO shares_prices (share_id,time_start,time_end,price) VALUES (4,DATE_ADD(CURDATE(), INTERVAL -270 DAY),DATE_ADD(CURDATE(), INTERVAL -261 DAY),82.84);
INSERT INTO shares_prices (share_id,time_start,time_end,price) VALUES (4,DATE_ADD(CURDATE(), INTERVAL -280 DAY),DATE_ADD(CURDATE(), INTERVAL -271 DAY),82.46);
INSERT INTO shares_prices (share_id,time_start,time_end,price) VALUES (4,DATE_ADD(CURDATE(), INTERVAL -290 DAY),DATE_ADD(CURDATE(), INTERVAL -281 DAY),81.79);
INSERT INTO shares_prices (share_id,time_start,time_end,price) VALUES (4,DATE_ADD(CURDATE(), INTERVAL -300 DAY),DATE_ADD(CURDATE(), INTERVAL -291 DAY),80.96);
INSERT INTO shares_prices (share_id,time_start,time_end,price) VALUES (4,DATE_ADD(CURDATE(), INTERVAL -310 DAY),DATE_ADD(CURDATE(), INTERVAL -301 DAY),79.87);
INSERT INTO shares_prices (share_id,time_start,time_end,price) VALUES (4,DATE_ADD(CURDATE(), INTERVAL -320 DAY),DATE_ADD(CURDATE(), INTERVAL -311 DAY),80.56);
INSERT INTO shares_prices (share_id,time_start,time_end,price) VALUES (4,DATE_ADD(CURDATE(), INTERVAL -330 DAY),DATE_ADD(CURDATE(), INTERVAL -321 DAY),81.29);
INSERT INTO shares_prices (share_id,time_start,time_end,price) VALUES (4,DATE_ADD(CURDATE(), INTERVAL -340 DAY),DATE_ADD(CURDATE(), INTERVAL -331 DAY),81.36);
INSERT INTO shares_prices (share_id,time_start,time_end,price) VALUES (4,DATE_ADD(CURDATE(), INTERVAL -350 DAY),DATE_ADD(CURDATE(), INTERVAL -341 DAY),81.66);
INSERT INTO shares_prices (share_id,time_start,time_end,price) VALUES (4,DATE_ADD(CURDATE(), INTERVAL -360 DAY),DATE_ADD(CURDATE(), INTERVAL -351 DAY),82.01);
INSERT INTO shares_prices (share_id,time_start,time_end,price) VALUES (4,DATE_ADD(CURDATE(), INTERVAL -370 DAY),DATE_ADD(CURDATE(), INTERVAL -361 DAY),82.01);
INSERT INTO shares_prices (share_id,time_start,time_end,price) VALUES (4,DATE_ADD(CURDATE(), INTERVAL -380 DAY),DATE_ADD(CURDATE(), INTERVAL -371 DAY),81.75);
INSERT INTO shares_prices (share_id,time_start,time_end,price) VALUES (4,DATE_ADD(CURDATE(), INTERVAL -390 DAY),DATE_ADD(CURDATE(), INTERVAL -381 DAY),81.8);

INSERT INTO shares_prices (share_id,time_start,time_end,price) VALUES (5,DATE_ADD(CURDATE(), INTERVAL 0 DAY),null,45.97);
INSERT INTO shares_prices (share_id,time_start,time_end,price) VALUES (5,DATE_ADD(CURDATE(), INTERVAL -3 DAY),DATE_ADD(CURDATE(), INTERVAL -1 DAY),45.85);
INSERT INTO shares_prices (share_id,time_start,time_end,price) VALUES (5,DATE_ADD(CURDATE(), INTERVAL -4 DAY),DATE_ADD(CURDATE(), INTERVAL -4 DAY),46.76);
INSERT INTO shares_prices (share_id,time_start,time_end,price) VALUES (5,DATE_ADD(CURDATE(), INTERVAL -5 DAY),DATE_ADD(CURDATE(), INTERVAL -5 DAY),46.3);
INSERT INTO shares_prices (share_id,time_start,time_end,price) VALUES (5,DATE_ADD(CURDATE(), INTERVAL -6 DAY),DATE_ADD(CURDATE(), INTERVAL -6 DAY),46.25);
INSERT INTO shares_prices (share_id,time_start,time_end,price) VALUES (5,DATE_ADD(CURDATE(), INTERVAL -7 DAY),DATE_ADD(CURDATE(), INTERVAL -7 DAY),45.31);
INSERT INTO shares_prices (share_id,time_start,time_end,price) VALUES (5,DATE_ADD(CURDATE(), INTERVAL -10 DAY),DATE_ADD(CURDATE(), INTERVAL -8 DAY),46.42);
INSERT INTO shares_prices (share_id,time_start,time_end,price) VALUES (5,DATE_ADD(CURDATE(), INTERVAL -11 DAY),DATE_ADD(CURDATE(), INTERVAL -11 DAY),47.85);
INSERT INTO shares_prices (share_id,time_start,time_end,price) VALUES (5,DATE_ADD(CURDATE(), INTERVAL -12 DAY),DATE_ADD(CURDATE(), INTERVAL -12 DAY),48.37);
INSERT INTO shares_prices (share_id,time_start,time_end,price) VALUES (5,DATE_ADD(CURDATE(), INTERVAL -13 DAY),DATE_ADD(CURDATE(), INTERVAL -13 DAY),49.17);
INSERT INTO shares_prices (share_id,time_start,time_end,price) VALUES (5,DATE_ADD(CURDATE(), INTERVAL -14 DAY),DATE_ADD(CURDATE(), INTERVAL -14 DAY),49.48);
INSERT INTO shares_prices (share_id,time_start,time_end,price) VALUES (5,DATE_ADD(CURDATE(), INTERVAL -17 DAY),DATE_ADD(CURDATE(), INTERVAL -15 DAY),50.57);
INSERT INTO shares_prices (share_id,time_start,time_end,price) VALUES (5,DATE_ADD(CURDATE(), INTERVAL -18 DAY),DATE_ADD(CURDATE(), INTERVAL -18 DAY),49.73);
INSERT INTO shares_prices (share_id,time_start,time_end,price) VALUES (5,DATE_ADD(CURDATE(), INTERVAL -19 DAY),DATE_ADD(CURDATE(), INTERVAL -19 DAY),50.2);
INSERT INTO shares_prices (share_id,time_start,time_end,price) VALUES (5,DATE_ADD(CURDATE(), INTERVAL -20 DAY),DATE_ADD(CURDATE(), INTERVAL -20 DAY),51.28);
INSERT INTO shares_prices (share_id,time_start,time_end,price) VALUES (5,DATE_ADD(CURDATE(), INTERVAL -21 DAY),DATE_ADD(CURDATE(), INTERVAL -21 DAY),51.16);
INSERT INTO shares_prices (share_id,time_start,time_end,price) VALUES (5,DATE_ADD(CURDATE(), INTERVAL -24 DAY),DATE_ADD(CURDATE(), INTERVAL -22 DAY),47.4);
INSERT INTO shares_prices (share_id,time_start,time_end,price) VALUES (5,DATE_ADD(CURDATE(), INTERVAL -25 DAY),DATE_ADD(CURDATE(), INTERVAL -25 DAY),51.22);
INSERT INTO shares_prices (share_id,time_start,time_end,price) VALUES (5,DATE_ADD(CURDATE(), INTERVAL -26 DAY),DATE_ADD(CURDATE(), INTERVAL -26 DAY),48.62);
INSERT INTO shares_prices (share_id,time_start,time_end,price) VALUES (5,DATE_ADD(CURDATE(), INTERVAL -27 DAY),DATE_ADD(CURDATE(), INTERVAL -27 DAY),49.07);
INSERT INTO shares_prices (share_id,time_start,time_end,price) VALUES (5,DATE_ADD(CURDATE(), INTERVAL -28 DAY),DATE_ADD(CURDATE(), INTERVAL -28 DAY),50.3);
INSERT INTO shares_prices (share_id,time_start,time_end,price) VALUES (5,DATE_ADD(CURDATE(), INTERVAL -31 DAY),DATE_ADD(CURDATE(), INTERVAL -29 DAY),51.15);
INSERT INTO shares_prices (share_id,time_start,time_end,price) VALUES (5,DATE_ADD(CURDATE(), INTERVAL -32 DAY),DATE_ADD(CURDATE(), INTERVAL -32 DAY),46.87);
INSERT INTO shares_prices (share_id,time_start,time_end,price) VALUES (5,DATE_ADD(CURDATE(), INTERVAL -33 DAY),DATE_ADD(CURDATE(), INTERVAL -33 DAY),52.53);
INSERT INTO shares_prices (share_id,time_start,time_end,price) VALUES (5,DATE_ADD(CURDATE(), INTERVAL -34 DAY),DATE_ADD(CURDATE(), INTERVAL -34 DAY),52.7);
INSERT INTO shares_prices (share_id,time_start,time_end,price) VALUES (5,DATE_ADD(CURDATE(), INTERVAL -35 DAY),DATE_ADD(CURDATE(), INTERVAL -35 DAY),51.59);
INSERT INTO shares_prices (share_id,time_start,time_end,price) VALUES (5,DATE_ADD(CURDATE(), INTERVAL -38 DAY),DATE_ADD(CURDATE(), INTERVAL -36 DAY),53);
INSERT INTO shares_prices (share_id,time_start,time_end,price) VALUES (5,DATE_ADD(CURDATE(), INTERVAL -39 DAY),DATE_ADD(CURDATE(), INTERVAL -39 DAY),54.6);
INSERT INTO shares_prices (share_id,time_start,time_end,price) VALUES (5,DATE_ADD(CURDATE(), INTERVAL -40 DAY),DATE_ADD(CURDATE(), INTERVAL -40 DAY),54.35);
INSERT INTO shares_prices (share_id,time_start,time_end,price) VALUES (5,DATE_ADD(CURDATE(), INTERVAL -41 DAY),DATE_ADD(CURDATE(), INTERVAL -41 DAY),53.67);
INSERT INTO shares_prices (share_id,time_start,time_end,price) VALUES (5,DATE_ADD(CURDATE(), INTERVAL -42 DAY),DATE_ADD(CURDATE(), INTERVAL -42 DAY),55.1);
INSERT INTO shares_prices (share_id,time_start,time_end,price) VALUES (5,DATE_ADD(CURDATE(), INTERVAL -45 DAY),DATE_ADD(CURDATE(), INTERVAL -43 DAY),55.75);
INSERT INTO shares_prices (share_id,time_start,time_end,price) VALUES (5,DATE_ADD(CURDATE(), INTERVAL -46 DAY),DATE_ADD(CURDATE(), INTERVAL -46 DAY),55.77);
INSERT INTO shares_prices (share_id,time_start,time_end,price) VALUES (5,DATE_ADD(CURDATE(), INTERVAL -47 DAY),DATE_ADD(CURDATE(), INTERVAL -47 DAY),54.72);
INSERT INTO shares_prices (share_id,time_start,time_end,price) VALUES (5,DATE_ADD(CURDATE(), INTERVAL -48 DAY),DATE_ADD(CURDATE(), INTERVAL -48 DAY),55.43);
INSERT INTO shares_prices (share_id,time_start,time_end,price) VALUES (5,DATE_ADD(CURDATE(), INTERVAL -49 DAY),DATE_ADD(CURDATE(), INTERVAL -49 DAY),54.77);
INSERT INTO shares_prices (share_id,time_start,time_end,price) VALUES (5,DATE_ADD(CURDATE(), INTERVAL -52 DAY),DATE_ADD(CURDATE(), INTERVAL -50 DAY),55.57);
INSERT INTO shares_prices (share_id,time_start,time_end,price) VALUES (5,DATE_ADD(CURDATE(), INTERVAL -53 DAY),DATE_ADD(CURDATE(), INTERVAL -53 DAY),58.9);
INSERT INTO shares_prices (share_id,time_start,time_end,price) VALUES (5,DATE_ADD(CURDATE(), INTERVAL -54 DAY),DATE_ADD(CURDATE(), INTERVAL -54 DAY),59);
INSERT INTO shares_prices (share_id,time_start,time_end,price) VALUES (5,DATE_ADD(CURDATE(), INTERVAL -55 DAY),DATE_ADD(CURDATE(), INTERVAL -55 DAY),58.65);
INSERT INTO shares_prices (share_id,time_start,time_end,price) VALUES (5,DATE_ADD(CURDATE(), INTERVAL -56 DAY),DATE_ADD(CURDATE(), INTERVAL -56 DAY),57.38);
INSERT INTO shares_prices (share_id,time_start,time_end,price) VALUES (5,DATE_ADD(CURDATE(), INTERVAL -57 DAY),DATE_ADD(CURDATE(), INTERVAL -57 DAY),56.9);
INSERT INTO shares_prices (share_id,time_start,time_end,price) VALUES (5,DATE_ADD(CURDATE(), INTERVAL -60 DAY),DATE_ADD(CURDATE(), INTERVAL -58 DAY),57.15);
INSERT INTO shares_prices (share_id,time_start,time_end,price) VALUES (5,DATE_ADD(CURDATE(), INTERVAL -61 DAY),DATE_ADD(CURDATE(), INTERVAL -61 DAY),56.17);
INSERT INTO shares_prices (share_id,time_start,time_end,price) VALUES (5,DATE_ADD(CURDATE(), INTERVAL -62 DAY),DATE_ADD(CURDATE(), INTERVAL -62 DAY),54.05);
INSERT INTO shares_prices (share_id,time_start,time_end,price) VALUES (5,DATE_ADD(CURDATE(), INTERVAL -63 DAY),DATE_ADD(CURDATE(), INTERVAL -63 DAY),53.98);
INSERT INTO shares_prices (share_id,time_start,time_end,price) VALUES (5,DATE_ADD(CURDATE(), INTERVAL -64 DAY),DATE_ADD(CURDATE(), INTERVAL -64 DAY),53.63);
INSERT INTO shares_prices (share_id,time_start,time_end,price) VALUES (5,DATE_ADD(CURDATE(), INTERVAL -67 DAY),DATE_ADD(CURDATE(), INTERVAL -65 DAY),54.99);
INSERT INTO shares_prices (share_id,time_start,time_end,price) VALUES (5,DATE_ADD(CURDATE(), INTERVAL -68 DAY),DATE_ADD(CURDATE(), INTERVAL -68 DAY),55.64);
INSERT INTO shares_prices (share_id,time_start,time_end,price) VALUES (5,DATE_ADD(CURDATE(), INTERVAL -69 DAY),DATE_ADD(CURDATE(), INTERVAL -69 DAY),53.8);
INSERT INTO shares_prices (share_id,time_start,time_end,price) VALUES (5,DATE_ADD(CURDATE(), INTERVAL -70 DAY),DATE_ADD(CURDATE(), INTERVAL -70 DAY),54.15);
INSERT INTO shares_prices (share_id,time_start,time_end,price) VALUES (5,DATE_ADD(CURDATE(), INTERVAL -71 DAY),DATE_ADD(CURDATE(), INTERVAL -71 DAY),52.9);
INSERT INTO shares_prices (share_id,time_start,time_end,price) VALUES (5,DATE_ADD(CURDATE(), INTERVAL -74 DAY),DATE_ADD(CURDATE(), INTERVAL -72 DAY),52.93);
INSERT INTO shares_prices (share_id,time_start,time_end,price) VALUES (5,DATE_ADD(CURDATE(), INTERVAL -75 DAY),DATE_ADD(CURDATE(), INTERVAL -75 DAY),52.09);
INSERT INTO shares_prices (share_id,time_start,time_end,price) VALUES (5,DATE_ADD(CURDATE(), INTERVAL -76 DAY),DATE_ADD(CURDATE(), INTERVAL -76 DAY),53.1);
INSERT INTO shares_prices (share_id,time_start,time_end,price) VALUES (5,DATE_ADD(CURDATE(), INTERVAL -77 DAY),DATE_ADD(CURDATE(), INTERVAL -77 DAY),55.83);
INSERT INTO shares_prices (share_id,time_start,time_end,price) VALUES (5,DATE_ADD(CURDATE(), INTERVAL -78 DAY),DATE_ADD(CURDATE(), INTERVAL -78 DAY),57.16);
INSERT INTO shares_prices (share_id,time_start,time_end,price) VALUES (5,DATE_ADD(CURDATE(), INTERVAL -81 DAY),DATE_ADD(CURDATE(), INTERVAL -79 DAY),57.01);
INSERT INTO shares_prices (share_id,time_start,time_end,price) VALUES (5,DATE_ADD(CURDATE(), INTERVAL -82 DAY),DATE_ADD(CURDATE(), INTERVAL -82 DAY),56.11);
INSERT INTO shares_prices (share_id,time_start,time_end,price) VALUES (5,DATE_ADD(CURDATE(), INTERVAL -83 DAY),DATE_ADD(CURDATE(), INTERVAL -83 DAY),55.74);
INSERT INTO shares_prices (share_id,time_start,time_end,price) VALUES (5,DATE_ADD(CURDATE(), INTERVAL -84 DAY),DATE_ADD(CURDATE(), INTERVAL -84 DAY),56.41);
INSERT INTO shares_prices (share_id,time_start,time_end,price) VALUES (5,DATE_ADD(CURDATE(), INTERVAL -85 DAY),DATE_ADD(CURDATE(), INTERVAL -85 DAY),55.56);
INSERT INTO shares_prices (share_id,time_start,time_end,price) VALUES (5,DATE_ADD(CURDATE(), INTERVAL -88 DAY),DATE_ADD(CURDATE(), INTERVAL -86 DAY),55.33);
INSERT INTO shares_prices (share_id,time_start,time_end,price) VALUES (5,DATE_ADD(CURDATE(), INTERVAL -89 DAY),DATE_ADD(CURDATE(), INTERVAL -89 DAY),56.57);
INSERT INTO shares_prices (share_id,time_start,time_end,price) VALUES (5,DATE_ADD(CURDATE(), INTERVAL -90 DAY),DATE_ADD(CURDATE(), INTERVAL -90 DAY),57.9);
INSERT INTO shares_prices (share_id,time_start,time_end,price) VALUES (5,DATE_ADD(CURDATE(), INTERVAL -91 DAY),DATE_ADD(CURDATE(), INTERVAL -91 DAY),54.6);
INSERT INTO shares_prices (share_id,time_start,time_end,price) VALUES (5,DATE_ADD(CURDATE(), INTERVAL -92 DAY),DATE_ADD(CURDATE(), INTERVAL -92 DAY),52.51);
INSERT INTO shares_prices (share_id,time_start,time_end,price) VALUES (5,DATE_ADD(CURDATE(), INTERVAL -95 DAY),DATE_ADD(CURDATE(), INTERVAL -93 DAY),50.77);
INSERT INTO shares_prices (share_id,time_start,time_end,price) VALUES (5,DATE_ADD(CURDATE(), INTERVAL -96 DAY),DATE_ADD(CURDATE(), INTERVAL -96 DAY),51.12);
INSERT INTO shares_prices (share_id,time_start,time_end,price) VALUES (5,DATE_ADD(CURDATE(), INTERVAL -97 DAY),DATE_ADD(CURDATE(), INTERVAL -97 DAY),53.99);
INSERT INTO shares_prices (share_id,time_start,time_end,price) VALUES (5,DATE_ADD(CURDATE(), INTERVAL -98 DAY),DATE_ADD(CURDATE(), INTERVAL -98 DAY),52.93);
INSERT INTO shares_prices (share_id,time_start,time_end,price) VALUES (5,DATE_ADD(CURDATE(), INTERVAL -99 DAY),DATE_ADD(CURDATE(), INTERVAL -99 DAY),53.4);
INSERT INTO shares_prices (share_id,time_start,time_end,price) VALUES (5,DATE_ADD(CURDATE(), INTERVAL -102 DAY),DATE_ADD(CURDATE(), INTERVAL -100 DAY),53.3);
INSERT INTO shares_prices (share_id,time_start,time_end,price) VALUES (5,DATE_ADD(CURDATE(), INTERVAL -103 DAY),DATE_ADD(CURDATE(), INTERVAL -103 DAY),53.89);
INSERT INTO shares_prices (share_id,time_start,time_end,price) VALUES (5,DATE_ADD(CURDATE(), INTERVAL -104 DAY),DATE_ADD(CURDATE(), INTERVAL -104 DAY),54.16);
INSERT INTO shares_prices (share_id,time_start,time_end,price) VALUES (5,DATE_ADD(CURDATE(), INTERVAL -105 DAY),DATE_ADD(CURDATE(), INTERVAL -105 DAY),55.95);
INSERT INTO shares_prices (share_id,time_start,time_end,price) VALUES (5,DATE_ADD(CURDATE(), INTERVAL -106 DAY),DATE_ADD(CURDATE(), INTERVAL -106 DAY),56.21);
INSERT INTO shares_prices (share_id,time_start,time_end,price) VALUES (5,DATE_ADD(CURDATE(), INTERVAL -109 DAY),DATE_ADD(CURDATE(), INTERVAL -107 DAY),54.7);
INSERT INTO shares_prices (share_id,time_start,time_end,price) VALUES (5,DATE_ADD(CURDATE(), INTERVAL -110 DAY),DATE_ADD(CURDATE(), INTERVAL -110 DAY),56);
INSERT INTO shares_prices (share_id,time_start,time_end,price) VALUES (5,DATE_ADD(CURDATE(), INTERVAL -111 DAY),DATE_ADD(CURDATE(), INTERVAL -111 DAY),55.86);
INSERT INTO shares_prices (share_id,time_start,time_end,price) VALUES (5,DATE_ADD(CURDATE(), INTERVAL -112 DAY),DATE_ADD(CURDATE(), INTERVAL -112 DAY),56.25);
INSERT INTO shares_prices (share_id,time_start,time_end,price) VALUES (5,DATE_ADD(CURDATE(), INTERVAL -113 DAY),DATE_ADD(CURDATE(), INTERVAL -113 DAY),55.1);
INSERT INTO shares_prices (share_id,time_start,time_end,price) VALUES (5,DATE_ADD(CURDATE(), INTERVAL -116 DAY),DATE_ADD(CURDATE(), INTERVAL -114 DAY),56.25);
INSERT INTO shares_prices (share_id,time_start,time_end,price) VALUES (5,DATE_ADD(CURDATE(), INTERVAL -117 DAY),DATE_ADD(CURDATE(), INTERVAL -117 DAY),54.17);
INSERT INTO shares_prices (share_id,time_start,time_end,price) VALUES (5,DATE_ADD(CURDATE(), INTERVAL -118 DAY),DATE_ADD(CURDATE(), INTERVAL -118 DAY),53.24);
INSERT INTO shares_prices (share_id,time_start,time_end,price) VALUES (5,DATE_ADD(CURDATE(), INTERVAL -119 DAY),DATE_ADD(CURDATE(), INTERVAL -119 DAY),52.12);
INSERT INTO shares_prices (share_id,time_start,time_end,price) VALUES (5,DATE_ADD(CURDATE(), INTERVAL -120 DAY),DATE_ADD(CURDATE(), INTERVAL -120 DAY),53.74);
INSERT INTO shares_prices (share_id,time_start,time_end,price) VALUES (5,DATE_ADD(CURDATE(), INTERVAL -123 DAY),DATE_ADD(CURDATE(), INTERVAL -121 DAY),51.45);
INSERT INTO shares_prices (share_id,time_start,time_end,price) VALUES (5,DATE_ADD(CURDATE(), INTERVAL -124 DAY),DATE_ADD(CURDATE(), INTERVAL -124 DAY),53.16);
INSERT INTO shares_prices (share_id,time_start,time_end,price) VALUES (5,DATE_ADD(CURDATE(), INTERVAL -125 DAY),DATE_ADD(CURDATE(), INTERVAL -125 DAY),50.87);
INSERT INTO shares_prices (share_id,time_start,time_end,price) VALUES (5,DATE_ADD(CURDATE(), INTERVAL -126 DAY),DATE_ADD(CURDATE(), INTERVAL -126 DAY),52.63);
INSERT INTO shares_prices (share_id,time_start,time_end,price) VALUES (5,DATE_ADD(CURDATE(), INTERVAL -127 DAY),DATE_ADD(CURDATE(), INTERVAL -127 DAY),54.36);
INSERT INTO shares_prices (share_id,time_start,time_end,price) VALUES (5,DATE_ADD(CURDATE(), INTERVAL -130 DAY),DATE_ADD(CURDATE(), INTERVAL -128 DAY),55.17);
INSERT INTO shares_prices (share_id,time_start,time_end,price) VALUES (5,DATE_ADD(CURDATE(), INTERVAL -131 DAY),DATE_ADD(CURDATE(), INTERVAL -131 DAY),56.71);
INSERT INTO shares_prices (share_id,time_start,time_end,price) VALUES (5,DATE_ADD(CURDATE(), INTERVAL -132 DAY),DATE_ADD(CURDATE(), INTERVAL -132 DAY),57);
INSERT INTO shares_prices (share_id,time_start,time_end,price) VALUES (5,DATE_ADD(CURDATE(), INTERVAL -133 DAY),DATE_ADD(CURDATE(), INTERVAL -133 DAY),57.9);
INSERT INTO shares_prices (share_id,time_start,time_end,price) VALUES (5,DATE_ADD(CURDATE(), INTERVAL -134 DAY),DATE_ADD(CURDATE(), INTERVAL -134 DAY),57.19);
INSERT INTO shares_prices (share_id,time_start,time_end,price) VALUES (5,DATE_ADD(CURDATE(), INTERVAL -137 DAY),DATE_ADD(CURDATE(), INTERVAL -135 DAY),57.6);
INSERT INTO shares_prices (share_id,time_start,time_end,price) VALUES (5,DATE_ADD(CURDATE(), INTERVAL -138 DAY),DATE_ADD(CURDATE(), INTERVAL -138 DAY),58.1);
INSERT INTO shares_prices (share_id,time_start,time_end,price) VALUES (5,DATE_ADD(CURDATE(), INTERVAL -139 DAY),DATE_ADD(CURDATE(), INTERVAL -139 DAY),57.38);
INSERT INTO shares_prices (share_id,time_start,time_end,price) VALUES (5,DATE_ADD(CURDATE(), INTERVAL -140 DAY),DATE_ADD(CURDATE(), INTERVAL -140 DAY),57.57);
INSERT INTO shares_prices (share_id,time_start,time_end,price) VALUES (5,DATE_ADD(CURDATE(), INTERVAL -141 DAY),DATE_ADD(CURDATE(), INTERVAL -141 DAY),56.94);
INSERT INTO shares_prices (share_id,time_start,time_end,price) VALUES (5,DATE_ADD(CURDATE(), INTERVAL -144 DAY),DATE_ADD(CURDATE(), INTERVAL -142 DAY),56.24);
INSERT INTO shares_prices (share_id,time_start,time_end,price) VALUES (5,DATE_ADD(CURDATE(), INTERVAL -145 DAY),DATE_ADD(CURDATE(), INTERVAL -145 DAY),58.15);
INSERT INTO shares_prices (share_id,time_start,time_end,price) VALUES (5,DATE_ADD(CURDATE(), INTERVAL -146 DAY),DATE_ADD(CURDATE(), INTERVAL -146 DAY),56.62);
INSERT INTO shares_prices (share_id,time_start,time_end,price) VALUES (5,DATE_ADD(CURDATE(), INTERVAL -147 DAY),DATE_ADD(CURDATE(), INTERVAL -147 DAY),56.72);
INSERT INTO shares_prices (share_id,time_start,time_end,price) VALUES (5,DATE_ADD(CURDATE(), INTERVAL -148 DAY),DATE_ADD(CURDATE(), INTERVAL -148 DAY),53.85);
INSERT INTO shares_prices (share_id,time_start,time_end,price) VALUES (5,DATE_ADD(CURDATE(), INTERVAL -151 DAY),DATE_ADD(CURDATE(), INTERVAL -149 DAY),55.14);
INSERT INTO shares_prices (share_id,time_start,time_end,price) VALUES (5,DATE_ADD(CURDATE(), INTERVAL -152 DAY),DATE_ADD(CURDATE(), INTERVAL -152 DAY),55);
INSERT INTO shares_prices (share_id,time_start,time_end,price) VALUES (5,DATE_ADD(CURDATE(), INTERVAL -153 DAY),DATE_ADD(CURDATE(), INTERVAL -153 DAY),55.75);
INSERT INTO shares_prices (share_id,time_start,time_end,price) VALUES (5,DATE_ADD(CURDATE(), INTERVAL -154 DAY),DATE_ADD(CURDATE(), INTERVAL -154 DAY),55.05);
INSERT INTO shares_prices (share_id,time_start,time_end,price) VALUES (5,DATE_ADD(CURDATE(), INTERVAL -155 DAY),DATE_ADD(CURDATE(), INTERVAL -155 DAY),54.73);
INSERT INTO shares_prices (share_id,time_start,time_end,price) VALUES (5,DATE_ADD(CURDATE(), INTERVAL -158 DAY),DATE_ADD(CURDATE(), INTERVAL -156 DAY),55.25);
INSERT INTO shares_prices (share_id,time_start,time_end,price) VALUES (5,DATE_ADD(CURDATE(), INTERVAL -159 DAY),DATE_ADD(CURDATE(), INTERVAL -159 DAY),55.41);
INSERT INTO shares_prices (share_id,time_start,time_end,price) VALUES (5,DATE_ADD(CURDATE(), INTERVAL -160 DAY),DATE_ADD(CURDATE(), INTERVAL -160 DAY),54.54);
INSERT INTO shares_prices (share_id,time_start,time_end,price) VALUES (5,DATE_ADD(CURDATE(), INTERVAL -161 DAY),DATE_ADD(CURDATE(), INTERVAL -161 DAY),54.4);
INSERT INTO shares_prices (share_id,time_start,time_end,price) VALUES (5,DATE_ADD(CURDATE(), INTERVAL -162 DAY),DATE_ADD(CURDATE(), INTERVAL -162 DAY),54.81);
INSERT INTO shares_prices (share_id,time_start,time_end,price) VALUES (5,DATE_ADD(CURDATE(), INTERVAL -165 DAY),DATE_ADD(CURDATE(), INTERVAL -163 DAY),54.26);
INSERT INTO shares_prices (share_id,time_start,time_end,price) VALUES (5,DATE_ADD(CURDATE(), INTERVAL -166 DAY),DATE_ADD(CURDATE(), INTERVAL -166 DAY),54.76);
INSERT INTO shares_prices (share_id,time_start,time_end,price) VALUES (5,DATE_ADD(CURDATE(), INTERVAL -167 DAY),DATE_ADD(CURDATE(), INTERVAL -167 DAY),54.6);
INSERT INTO shares_prices (share_id,time_start,time_end,price) VALUES (5,DATE_ADD(CURDATE(), INTERVAL -168 DAY),DATE_ADD(CURDATE(), INTERVAL -168 DAY),56.03);
INSERT INTO shares_prices (share_id,time_start,time_end,price) VALUES (5,DATE_ADD(CURDATE(), INTERVAL -169 DAY),DATE_ADD(CURDATE(), INTERVAL -169 DAY),55.16);
INSERT INTO shares_prices (share_id,time_start,time_end,price) VALUES (5,DATE_ADD(CURDATE(), INTERVAL -171 DAY),DATE_ADD(CURDATE(), INTERVAL -170 DAY),54.4);
INSERT INTO shares_prices (share_id,time_start,time_end,price) VALUES (5,DATE_ADD(CURDATE(), INTERVAL -172 DAY),DATE_ADD(CURDATE(), INTERVAL -172 DAY),55.88);
INSERT INTO shares_prices (share_id,time_start,time_end,price) VALUES (5,DATE_ADD(CURDATE(), INTERVAL -173 DAY),DATE_ADD(CURDATE(), INTERVAL -173 DAY),55.56);
INSERT INTO shares_prices (share_id,time_start,time_end,price) VALUES (5,DATE_ADD(CURDATE(), INTERVAL -174 DAY),DATE_ADD(CURDATE(), INTERVAL -174 DAY),55.65);
INSERT INTO shares_prices (share_id,time_start,time_end,price) VALUES (5,DATE_ADD(CURDATE(), INTERVAL -175 DAY),DATE_ADD(CURDATE(), INTERVAL -175 DAY),55.55);
INSERT INTO shares_prices (share_id,time_start,time_end,price) VALUES (5,DATE_ADD(CURDATE(), INTERVAL -178 DAY),DATE_ADD(CURDATE(), INTERVAL -176 DAY),55.55);
INSERT INTO shares_prices (share_id,time_start,time_end,price) VALUES (5,DATE_ADD(CURDATE(), INTERVAL -179 DAY),DATE_ADD(CURDATE(), INTERVAL -179 DAY),56.21);
INSERT INTO shares_prices (share_id,time_start,time_end,price) VALUES (5,DATE_ADD(CURDATE(), INTERVAL -180 DAY),DATE_ADD(CURDATE(), INTERVAL -180 DAY),56.56);

INSERT INTO shares_prices (share_id,time_start,time_end,price) VALUES (6,DATE_ADD(CURDATE(), INTERVAL 0 DAY),null,32.17);
INSERT INTO shares_prices (share_id,time_start,time_end,price) VALUES (6,DATE_ADD(CURDATE(), INTERVAL -3 DAY),DATE_ADD(CURDATE(), INTERVAL -1 DAY),31.97);
INSERT INTO shares_prices (share_id,time_start,time_end,price) VALUES (6,DATE_ADD(CURDATE(), INTERVAL -4 DAY),DATE_ADD(CURDATE(), INTERVAL -4 DAY),30.83);
INSERT INTO shares_prices (share_id,time_start,time_end,price) VALUES (6,DATE_ADD(CURDATE(), INTERVAL -5 DAY),DATE_ADD(CURDATE(), INTERVAL -5 DAY),31.36);
INSERT INTO shares_prices (share_id,time_start,time_end,price) VALUES (6,DATE_ADD(CURDATE(), INTERVAL -6 DAY),DATE_ADD(CURDATE(), INTERVAL -6 DAY),30.92);
INSERT INTO shares_prices (share_id,time_start,time_end,price) VALUES (6,DATE_ADD(CURDATE(), INTERVAL -7 DAY),DATE_ADD(CURDATE(), INTERVAL -7 DAY),31.38);
INSERT INTO shares_prices (share_id,time_start,time_end,price) VALUES (6,DATE_ADD(CURDATE(), INTERVAL -10 DAY),DATE_ADD(CURDATE(), INTERVAL -8 DAY),31.47);
INSERT INTO shares_prices (share_id,time_start,time_end,price) VALUES (6,DATE_ADD(CURDATE(), INTERVAL -11 DAY),DATE_ADD(CURDATE(), INTERVAL -11 DAY),32.15);
INSERT INTO shares_prices (share_id,time_start,time_end,price) VALUES (6,DATE_ADD(CURDATE(), INTERVAL -12 DAY),DATE_ADD(CURDATE(), INTERVAL -12 DAY),31.75);
INSERT INTO shares_prices (share_id,time_start,time_end,price) VALUES (6,DATE_ADD(CURDATE(), INTERVAL -13 DAY),DATE_ADD(CURDATE(), INTERVAL -13 DAY),31.6);
INSERT INTO shares_prices (share_id,time_start,time_end,price) VALUES (6,DATE_ADD(CURDATE(), INTERVAL -14 DAY),DATE_ADD(CURDATE(), INTERVAL -14 DAY),32);
INSERT INTO shares_prices (share_id,time_start,time_end,price) VALUES (6,DATE_ADD(CURDATE(), INTERVAL -17 DAY),DATE_ADD(CURDATE(), INTERVAL -15 DAY),32.78);
INSERT INTO shares_prices (share_id,time_start,time_end,price) VALUES (6,DATE_ADD(CURDATE(), INTERVAL -18 DAY),DATE_ADD(CURDATE(), INTERVAL -18 DAY),32.74);
INSERT INTO shares_prices (share_id,time_start,time_end,price) VALUES (6,DATE_ADD(CURDATE(), INTERVAL -19 DAY),DATE_ADD(CURDATE(), INTERVAL -19 DAY),33.31);
INSERT INTO shares_prices (share_id,time_start,time_end,price) VALUES (6,DATE_ADD(CURDATE(), INTERVAL -20 DAY),DATE_ADD(CURDATE(), INTERVAL -20 DAY),31.82);
INSERT INTO shares_prices (share_id,time_start,time_end,price) VALUES (6,DATE_ADD(CURDATE(), INTERVAL -21 DAY),DATE_ADD(CURDATE(), INTERVAL -21 DAY),34.81);
INSERT INTO shares_prices (share_id,time_start,time_end,price) VALUES (6,DATE_ADD(CURDATE(), INTERVAL -24 DAY),DATE_ADD(CURDATE(), INTERVAL -22 DAY),31.5);
INSERT INTO shares_prices (share_id,time_start,time_end,price) VALUES (6,DATE_ADD(CURDATE(), INTERVAL -25 DAY),DATE_ADD(CURDATE(), INTERVAL -25 DAY),32.01);
INSERT INTO shares_prices (share_id,time_start,time_end,price) VALUES (6,DATE_ADD(CURDATE(), INTERVAL -26 DAY),DATE_ADD(CURDATE(), INTERVAL -26 DAY),33.13);
INSERT INTO shares_prices (share_id,time_start,time_end,price) VALUES (6,DATE_ADD(CURDATE(), INTERVAL -27 DAY),DATE_ADD(CURDATE(), INTERVAL -27 DAY),34.93);
INSERT INTO shares_prices (share_id,time_start,time_end,price) VALUES (6,DATE_ADD(CURDATE(), INTERVAL -28 DAY),DATE_ADD(CURDATE(), INTERVAL -28 DAY),34.78);
INSERT INTO shares_prices (share_id,time_start,time_end,price) VALUES (6,DATE_ADD(CURDATE(), INTERVAL -31 DAY),DATE_ADD(CURDATE(), INTERVAL -29 DAY),30.91);
INSERT INTO shares_prices (share_id,time_start,time_end,price) VALUES (6,DATE_ADD(CURDATE(), INTERVAL -32 DAY),DATE_ADD(CURDATE(), INTERVAL -32 DAY),35.04);
INSERT INTO shares_prices (share_id,time_start,time_end,price) VALUES (6,DATE_ADD(CURDATE(), INTERVAL -33 DAY),DATE_ADD(CURDATE(), INTERVAL -33 DAY),34.59);
INSERT INTO shares_prices (share_id,time_start,time_end,price) VALUES (6,DATE_ADD(CURDATE(), INTERVAL -34 DAY),DATE_ADD(CURDATE(), INTERVAL -34 DAY),33.62);
INSERT INTO shares_prices (share_id,time_start,time_end,price) VALUES (6,DATE_ADD(CURDATE(), INTERVAL -35 DAY),DATE_ADD(CURDATE(), INTERVAL -35 DAY),33.53);
INSERT INTO shares_prices (share_id,time_start,time_end,price) VALUES (6,DATE_ADD(CURDATE(), INTERVAL -38 DAY),DATE_ADD(CURDATE(), INTERVAL -36 DAY),34.08);
INSERT INTO shares_prices (share_id,time_start,time_end,price) VALUES (6,DATE_ADD(CURDATE(), INTERVAL -39 DAY),DATE_ADD(CURDATE(), INTERVAL -39 DAY),33.88);
INSERT INTO shares_prices (share_id,time_start,time_end,price) VALUES (6,DATE_ADD(CURDATE(), INTERVAL -40 DAY),DATE_ADD(CURDATE(), INTERVAL -40 DAY),33.57);
INSERT INTO shares_prices (share_id,time_start,time_end,price) VALUES (6,DATE_ADD(CURDATE(), INTERVAL -41 DAY),DATE_ADD(CURDATE(), INTERVAL -41 DAY),34.65);
INSERT INTO shares_prices (share_id,time_start,time_end,price) VALUES (6,DATE_ADD(CURDATE(), INTERVAL -42 DAY),DATE_ADD(CURDATE(), INTERVAL -42 DAY),35);
INSERT INTO shares_prices (share_id,time_start,time_end,price) VALUES (6,DATE_ADD(CURDATE(), INTERVAL -45 DAY),DATE_ADD(CURDATE(), INTERVAL -43 DAY),34.76);
INSERT INTO shares_prices (share_id,time_start,time_end,price) VALUES (6,DATE_ADD(CURDATE(), INTERVAL -46 DAY),DATE_ADD(CURDATE(), INTERVAL -46 DAY),33.95);
INSERT INTO shares_prices (share_id,time_start,time_end,price) VALUES (6,DATE_ADD(CURDATE(), INTERVAL -47 DAY),DATE_ADD(CURDATE(), INTERVAL -47 DAY),34.4);
INSERT INTO shares_prices (share_id,time_start,time_end,price) VALUES (6,DATE_ADD(CURDATE(), INTERVAL -48 DAY),DATE_ADD(CURDATE(), INTERVAL -48 DAY),34.95);
INSERT INTO shares_prices (share_id,time_start,time_end,price) VALUES (6,DATE_ADD(CURDATE(), INTERVAL -49 DAY),DATE_ADD(CURDATE(), INTERVAL -49 DAY),35.41);
INSERT INTO shares_prices (share_id,time_start,time_end,price) VALUES (6,DATE_ADD(CURDATE(), INTERVAL -52 DAY),DATE_ADD(CURDATE(), INTERVAL -50 DAY),36.42);
INSERT INTO shares_prices (share_id,time_start,time_end,price) VALUES (6,DATE_ADD(CURDATE(), INTERVAL -53 DAY),DATE_ADD(CURDATE(), INTERVAL -53 DAY),36.95);
INSERT INTO shares_prices (share_id,time_start,time_end,price) VALUES (6,DATE_ADD(CURDATE(), INTERVAL -54 DAY),DATE_ADD(CURDATE(), INTERVAL -54 DAY),36.78);
INSERT INTO shares_prices (share_id,time_start,time_end,price) VALUES (6,DATE_ADD(CURDATE(), INTERVAL -55 DAY),DATE_ADD(CURDATE(), INTERVAL -55 DAY),36.56);
INSERT INTO shares_prices (share_id,time_start,time_end,price) VALUES (6,DATE_ADD(CURDATE(), INTERVAL -56 DAY),DATE_ADD(CURDATE(), INTERVAL -56 DAY),36.91);
INSERT INTO shares_prices (share_id,time_start,time_end,price) VALUES (6,DATE_ADD(CURDATE(), INTERVAL -57 DAY),DATE_ADD(CURDATE(), INTERVAL -57 DAY),36.65);
INSERT INTO shares_prices (share_id,time_start,time_end,price) VALUES (6,DATE_ADD(CURDATE(), INTERVAL -60 DAY),DATE_ADD(CURDATE(), INTERVAL -58 DAY),36.55);
INSERT INTO shares_prices (share_id,time_start,time_end,price) VALUES (6,DATE_ADD(CURDATE(), INTERVAL -61 DAY),DATE_ADD(CURDATE(), INTERVAL -61 DAY),35.97);
INSERT INTO shares_prices (share_id,time_start,time_end,price) VALUES (6,DATE_ADD(CURDATE(), INTERVAL -62 DAY),DATE_ADD(CURDATE(), INTERVAL -62 DAY),36.27);
INSERT INTO shares_prices (share_id,time_start,time_end,price) VALUES (6,DATE_ADD(CURDATE(), INTERVAL -63 DAY),DATE_ADD(CURDATE(), INTERVAL -63 DAY),36.31);
INSERT INTO shares_prices (share_id,time_start,time_end,price) VALUES (6,DATE_ADD(CURDATE(), INTERVAL -64 DAY),DATE_ADD(CURDATE(), INTERVAL -64 DAY),36.81);
INSERT INTO shares_prices (share_id,time_start,time_end,price) VALUES (6,DATE_ADD(CURDATE(), INTERVAL -67 DAY),DATE_ADD(CURDATE(), INTERVAL -65 DAY),37.02);
INSERT INTO shares_prices (share_id,time_start,time_end,price) VALUES (6,DATE_ADD(CURDATE(), INTERVAL -68 DAY),DATE_ADD(CURDATE(), INTERVAL -68 DAY),36.9);
INSERT INTO shares_prices (share_id,time_start,time_end,price) VALUES (6,DATE_ADD(CURDATE(), INTERVAL -69 DAY),DATE_ADD(CURDATE(), INTERVAL -69 DAY),36.42);
INSERT INTO shares_prices (share_id,time_start,time_end,price) VALUES (6,DATE_ADD(CURDATE(), INTERVAL -70 DAY),DATE_ADD(CURDATE(), INTERVAL -70 DAY),37.9);
INSERT INTO shares_prices (share_id,time_start,time_end,price) VALUES (6,DATE_ADD(CURDATE(), INTERVAL -71 DAY),DATE_ADD(CURDATE(), INTERVAL -71 DAY),37.61);
INSERT INTO shares_prices (share_id,time_start,time_end,price) VALUES (6,DATE_ADD(CURDATE(), INTERVAL -74 DAY),DATE_ADD(CURDATE(), INTERVAL -72 DAY),37.67);
INSERT INTO shares_prices (share_id,time_start,time_end,price) VALUES (6,DATE_ADD(CURDATE(), INTERVAL -75 DAY),DATE_ADD(CURDATE(), INTERVAL -75 DAY),40.2);
INSERT INTO shares_prices (share_id,time_start,time_end,price) VALUES (6,DATE_ADD(CURDATE(), INTERVAL -76 DAY),DATE_ADD(CURDATE(), INTERVAL -76 DAY),41.53);
INSERT INTO shares_prices (share_id,time_start,time_end,price) VALUES (6,DATE_ADD(CURDATE(), INTERVAL -77 DAY),DATE_ADD(CURDATE(), INTERVAL -77 DAY),40.9);
INSERT INTO shares_prices (share_id,time_start,time_end,price) VALUES (6,DATE_ADD(CURDATE(), INTERVAL -78 DAY),DATE_ADD(CURDATE(), INTERVAL -78 DAY),39.51);
INSERT INTO shares_prices (share_id,time_start,time_end,price) VALUES (6,DATE_ADD(CURDATE(), INTERVAL -81 DAY),DATE_ADD(CURDATE(), INTERVAL -79 DAY),39.88);
INSERT INTO shares_prices (share_id,time_start,time_end,price) VALUES (6,DATE_ADD(CURDATE(), INTERVAL -82 DAY),DATE_ADD(CURDATE(), INTERVAL -82 DAY),39.59);
INSERT INTO shares_prices (share_id,time_start,time_end,price) VALUES (6,DATE_ADD(CURDATE(), INTERVAL -83 DAY),DATE_ADD(CURDATE(), INTERVAL -83 DAY),39.89);
INSERT INTO shares_prices (share_id,time_start,time_end,price) VALUES (6,DATE_ADD(CURDATE(), INTERVAL -84 DAY),DATE_ADD(CURDATE(), INTERVAL -84 DAY),39.29);
INSERT INTO shares_prices (share_id,time_start,time_end,price) VALUES (6,DATE_ADD(CURDATE(), INTERVAL -85 DAY),DATE_ADD(CURDATE(), INTERVAL -85 DAY),38.93);
INSERT INTO shares_prices (share_id,time_start,time_end,price) VALUES (6,DATE_ADD(CURDATE(), INTERVAL -88 DAY),DATE_ADD(CURDATE(), INTERVAL -86 DAY),39.9);
INSERT INTO shares_prices (share_id,time_start,time_end,price) VALUES (6,DATE_ADD(CURDATE(), INTERVAL -89 DAY),DATE_ADD(CURDATE(), INTERVAL -89 DAY),40.38);
INSERT INTO shares_prices (share_id,time_start,time_end,price) VALUES (6,DATE_ADD(CURDATE(), INTERVAL -90 DAY),DATE_ADD(CURDATE(), INTERVAL -90 DAY),40.54);
INSERT INTO shares_prices (share_id,time_start,time_end,price) VALUES (6,DATE_ADD(CURDATE(), INTERVAL -91 DAY),DATE_ADD(CURDATE(), INTERVAL -91 DAY),39.64);
INSERT INTO shares_prices (share_id,time_start,time_end,price) VALUES (6,DATE_ADD(CURDATE(), INTERVAL -92 DAY),DATE_ADD(CURDATE(), INTERVAL -92 DAY),38.72);
INSERT INTO shares_prices (share_id,time_start,time_end,price) VALUES (6,DATE_ADD(CURDATE(), INTERVAL -95 DAY),DATE_ADD(CURDATE(), INTERVAL -93 DAY),38.6);
INSERT INTO shares_prices (share_id,time_start,time_end,price) VALUES (6,DATE_ADD(CURDATE(), INTERVAL -96 DAY),DATE_ADD(CURDATE(), INTERVAL -96 DAY),39.03);
INSERT INTO shares_prices (share_id,time_start,time_end,price) VALUES (6,DATE_ADD(CURDATE(), INTERVAL -97 DAY),DATE_ADD(CURDATE(), INTERVAL -97 DAY),38.51);
INSERT INTO shares_prices (share_id,time_start,time_end,price) VALUES (6,DATE_ADD(CURDATE(), INTERVAL -98 DAY),DATE_ADD(CURDATE(), INTERVAL -98 DAY),39.6);
INSERT INTO shares_prices (share_id,time_start,time_end,price) VALUES (6,DATE_ADD(CURDATE(), INTERVAL -99 DAY),DATE_ADD(CURDATE(), INTERVAL -99 DAY),39.4);
INSERT INTO shares_prices (share_id,time_start,time_end,price) VALUES (6,DATE_ADD(CURDATE(), INTERVAL -102 DAY),DATE_ADD(CURDATE(), INTERVAL -100 DAY),39.51);
INSERT INTO shares_prices (share_id,time_start,time_end,price) VALUES (6,DATE_ADD(CURDATE(), INTERVAL -103 DAY),DATE_ADD(CURDATE(), INTERVAL -103 DAY),39.13);
INSERT INTO shares_prices (share_id,time_start,time_end,price) VALUES (6,DATE_ADD(CURDATE(), INTERVAL -104 DAY),DATE_ADD(CURDATE(), INTERVAL -104 DAY),39.73);
INSERT INTO shares_prices (share_id,time_start,time_end,price) VALUES (6,DATE_ADD(CURDATE(), INTERVAL -105 DAY),DATE_ADD(CURDATE(), INTERVAL -105 DAY),39.88);
INSERT INTO shares_prices (share_id,time_start,time_end,price) VALUES (6,DATE_ADD(CURDATE(), INTERVAL -106 DAY),DATE_ADD(CURDATE(), INTERVAL -106 DAY),39.53);
INSERT INTO shares_prices (share_id,time_start,time_end,price) VALUES (6,DATE_ADD(CURDATE(), INTERVAL -109 DAY),DATE_ADD(CURDATE(), INTERVAL -107 DAY),40.52);
INSERT INTO shares_prices (share_id,time_start,time_end,price) VALUES (6,DATE_ADD(CURDATE(), INTERVAL -110 DAY),DATE_ADD(CURDATE(), INTERVAL -110 DAY),40.59);
INSERT INTO shares_prices (share_id,time_start,time_end,price) VALUES (6,DATE_ADD(CURDATE(), INTERVAL -111 DAY),DATE_ADD(CURDATE(), INTERVAL -111 DAY),40.62);
INSERT INTO shares_prices (share_id,time_start,time_end,price) VALUES (6,DATE_ADD(CURDATE(), INTERVAL -112 DAY),DATE_ADD(CURDATE(), INTERVAL -112 DAY),39.8);
INSERT INTO shares_prices (share_id,time_start,time_end,price) VALUES (6,DATE_ADD(CURDATE(), INTERVAL -113 DAY),DATE_ADD(CURDATE(), INTERVAL -113 DAY),39.41);
INSERT INTO shares_prices (share_id,time_start,time_end,price) VALUES (6,DATE_ADD(CURDATE(), INTERVAL -116 DAY),DATE_ADD(CURDATE(), INTERVAL -114 DAY),39.77);
INSERT INTO shares_prices (share_id,time_start,time_end,price) VALUES (6,DATE_ADD(CURDATE(), INTERVAL -117 DAY),DATE_ADD(CURDATE(), INTERVAL -117 DAY),39.63);
INSERT INTO shares_prices (share_id,time_start,time_end,price) VALUES (6,DATE_ADD(CURDATE(), INTERVAL -118 DAY),DATE_ADD(CURDATE(), INTERVAL -118 DAY),38.85);
INSERT INTO shares_prices (share_id,time_start,time_end,price) VALUES (6,DATE_ADD(CURDATE(), INTERVAL -119 DAY),DATE_ADD(CURDATE(), INTERVAL -119 DAY),38.6);
INSERT INTO shares_prices (share_id,time_start,time_end,price) VALUES (6,DATE_ADD(CURDATE(), INTERVAL -120 DAY),DATE_ADD(CURDATE(), INTERVAL -120 DAY),38);
INSERT INTO shares_prices (share_id,time_start,time_end,price) VALUES (6,DATE_ADD(CURDATE(), INTERVAL -123 DAY),DATE_ADD(CURDATE(), INTERVAL -121 DAY),38.26);
INSERT INTO shares_prices (share_id,time_start,time_end,price) VALUES (6,DATE_ADD(CURDATE(), INTERVAL -124 DAY),DATE_ADD(CURDATE(), INTERVAL -124 DAY),37.75);
INSERT INTO shares_prices (share_id,time_start,time_end,price) VALUES (6,DATE_ADD(CURDATE(), INTERVAL -125 DAY),DATE_ADD(CURDATE(), INTERVAL -125 DAY),38.26);
INSERT INTO shares_prices (share_id,time_start,time_end,price) VALUES (6,DATE_ADD(CURDATE(), INTERVAL -126 DAY),DATE_ADD(CURDATE(), INTERVAL -126 DAY),38.22);
INSERT INTO shares_prices (share_id,time_start,time_end,price) VALUES (6,DATE_ADD(CURDATE(), INTERVAL -127 DAY),DATE_ADD(CURDATE(), INTERVAL -127 DAY),37);
INSERT INTO shares_prices (share_id,time_start,time_end,price) VALUES (6,DATE_ADD(CURDATE(), INTERVAL -130 DAY),DATE_ADD(CURDATE(), INTERVAL -128 DAY),37.19);
INSERT INTO shares_prices (share_id,time_start,time_end,price) VALUES (6,DATE_ADD(CURDATE(), INTERVAL -131 DAY),DATE_ADD(CURDATE(), INTERVAL -131 DAY),37.57);
INSERT INTO shares_prices (share_id,time_start,time_end,price) VALUES (6,DATE_ADD(CURDATE(), INTERVAL -132 DAY),DATE_ADD(CURDATE(), INTERVAL -132 DAY),37.95);
INSERT INTO shares_prices (share_id,time_start,time_end,price) VALUES (6,DATE_ADD(CURDATE(), INTERVAL -133 DAY),DATE_ADD(CURDATE(), INTERVAL -133 DAY),37.28);
INSERT INTO shares_prices (share_id,time_start,time_end,price) VALUES (6,DATE_ADD(CURDATE(), INTERVAL -134 DAY),DATE_ADD(CURDATE(), INTERVAL -134 DAY),38.17);
INSERT INTO shares_prices (share_id,time_start,time_end,price) VALUES (6,DATE_ADD(CURDATE(), INTERVAL -137 DAY),DATE_ADD(CURDATE(), INTERVAL -135 DAY),38.49);
INSERT INTO shares_prices (share_id,time_start,time_end,price) VALUES (6,DATE_ADD(CURDATE(), INTERVAL -138 DAY),DATE_ADD(CURDATE(), INTERVAL -138 DAY),38.34);
INSERT INTO shares_prices (share_id,time_start,time_end,price) VALUES (6,DATE_ADD(CURDATE(), INTERVAL -139 DAY),DATE_ADD(CURDATE(), INTERVAL -139 DAY),38.83);
INSERT INTO shares_prices (share_id,time_start,time_end,price) VALUES (6,DATE_ADD(CURDATE(), INTERVAL -140 DAY),DATE_ADD(CURDATE(), INTERVAL -140 DAY),38.71);
INSERT INTO shares_prices (share_id,time_start,time_end,price) VALUES (6,DATE_ADD(CURDATE(), INTERVAL -141 DAY),DATE_ADD(CURDATE(), INTERVAL -141 DAY),38.81);
INSERT INTO shares_prices (share_id,time_start,time_end,price) VALUES (6,DATE_ADD(CURDATE(), INTERVAL -144 DAY),DATE_ADD(CURDATE(), INTERVAL -142 DAY),39.19);
INSERT INTO shares_prices (share_id,time_start,time_end,price) VALUES (6,DATE_ADD(CURDATE(), INTERVAL -145 DAY),DATE_ADD(CURDATE(), INTERVAL -145 DAY),39.1);
INSERT INTO shares_prices (share_id,time_start,time_end,price) VALUES (6,DATE_ADD(CURDATE(), INTERVAL -146 DAY),DATE_ADD(CURDATE(), INTERVAL -146 DAY),39.49);
INSERT INTO shares_prices (share_id,time_start,time_end,price) VALUES (6,DATE_ADD(CURDATE(), INTERVAL -147 DAY),DATE_ADD(CURDATE(), INTERVAL -147 DAY),38.5);
INSERT INTO shares_prices (share_id,time_start,time_end,price) VALUES (6,DATE_ADD(CURDATE(), INTERVAL -148 DAY),DATE_ADD(CURDATE(), INTERVAL -148 DAY),38.65);
INSERT INTO shares_prices (share_id,time_start,time_end,price) VALUES (6,DATE_ADD(CURDATE(), INTERVAL -151 DAY),DATE_ADD(CURDATE(), INTERVAL -149 DAY),38.42);
INSERT INTO shares_prices (share_id,time_start,time_end,price) VALUES (6,DATE_ADD(CURDATE(), INTERVAL -152 DAY),DATE_ADD(CURDATE(), INTERVAL -152 DAY),38.9);
INSERT INTO shares_prices (share_id,time_start,time_end,price) VALUES (6,DATE_ADD(CURDATE(), INTERVAL -153 DAY),DATE_ADD(CURDATE(), INTERVAL -153 DAY),39.15);
INSERT INTO shares_prices (share_id,time_start,time_end,price) VALUES (6,DATE_ADD(CURDATE(), INTERVAL -154 DAY),DATE_ADD(CURDATE(), INTERVAL -154 DAY),39.47);
INSERT INTO shares_prices (share_id,time_start,time_end,price) VALUES (6,DATE_ADD(CURDATE(), INTERVAL -155 DAY),DATE_ADD(CURDATE(), INTERVAL -155 DAY),39.78);
INSERT INTO shares_prices (share_id,time_start,time_end,price) VALUES (6,DATE_ADD(CURDATE(), INTERVAL -158 DAY),DATE_ADD(CURDATE(), INTERVAL -156 DAY),39.75);
INSERT INTO shares_prices (share_id,time_start,time_end,price) VALUES (6,DATE_ADD(CURDATE(), INTERVAL -159 DAY),DATE_ADD(CURDATE(), INTERVAL -159 DAY),39.53);
INSERT INTO shares_prices (share_id,time_start,time_end,price) VALUES (6,DATE_ADD(CURDATE(), INTERVAL -160 DAY),DATE_ADD(CURDATE(), INTERVAL -160 DAY),39.65);
INSERT INTO shares_prices (share_id,time_start,time_end,price) VALUES (6,DATE_ADD(CURDATE(), INTERVAL -161 DAY),DATE_ADD(CURDATE(), INTERVAL -161 DAY),40.11);
INSERT INTO shares_prices (share_id,time_start,time_end,price) VALUES (6,DATE_ADD(CURDATE(), INTERVAL -162 DAY),DATE_ADD(CURDATE(), INTERVAL -162 DAY),40.33);
INSERT INTO shares_prices (share_id,time_start,time_end,price) VALUES (6,DATE_ADD(CURDATE(), INTERVAL -165 DAY),DATE_ADD(CURDATE(), INTERVAL -163 DAY),40.21);
INSERT INTO shares_prices (share_id,time_start,time_end,price) VALUES (6,DATE_ADD(CURDATE(), INTERVAL -166 DAY),DATE_ADD(CURDATE(), INTERVAL -166 DAY),40.9);
INSERT INTO shares_prices (share_id,time_start,time_end,price) VALUES (6,DATE_ADD(CURDATE(), INTERVAL -167 DAY),DATE_ADD(CURDATE(), INTERVAL -167 DAY),40.76);
INSERT INTO shares_prices (share_id,time_start,time_end,price) VALUES (6,DATE_ADD(CURDATE(), INTERVAL -168 DAY),DATE_ADD(CURDATE(), INTERVAL -168 DAY),40);
INSERT INTO shares_prices (share_id,time_start,time_end,price) VALUES (6,DATE_ADD(CURDATE(), INTERVAL -169 DAY),DATE_ADD(CURDATE(), INTERVAL -169 DAY),39.99);
INSERT INTO shares_prices (share_id,time_start,time_end,price) VALUES (6,DATE_ADD(CURDATE(), INTERVAL -171 DAY),DATE_ADD(CURDATE(), INTERVAL -170 DAY),40.46);
INSERT INTO shares_prices (share_id,time_start,time_end,price) VALUES (6,DATE_ADD(CURDATE(), INTERVAL -172 DAY),DATE_ADD(CURDATE(), INTERVAL -172 DAY),40.64);
INSERT INTO shares_prices (share_id,time_start,time_end,price) VALUES (6,DATE_ADD(CURDATE(), INTERVAL -173 DAY),DATE_ADD(CURDATE(), INTERVAL -173 DAY),40.85);
INSERT INTO shares_prices (share_id,time_start,time_end,price) VALUES (6,DATE_ADD(CURDATE(), INTERVAL -174 DAY),DATE_ADD(CURDATE(), INTERVAL -174 DAY),40.9);
INSERT INTO shares_prices (share_id,time_start,time_end,price) VALUES (6,DATE_ADD(CURDATE(), INTERVAL -175 DAY),DATE_ADD(CURDATE(), INTERVAL -175 DAY),40.9);
INSERT INTO shares_prices (share_id,time_start,time_end,price) VALUES (6,DATE_ADD(CURDATE(), INTERVAL -178 DAY),DATE_ADD(CURDATE(), INTERVAL -176 DAY),41.41);
INSERT INTO shares_prices (share_id,time_start,time_end,price) VALUES (6,DATE_ADD(CURDATE(), INTERVAL -179 DAY),DATE_ADD(CURDATE(), INTERVAL -179 DAY),41.76);
  
INSERT INTO shares_prices (share_id,time_start,time_end,price) VALUES (7,DATE_ADD(CURDATE(), INTERVAL 0 DAY),null,426.72);
INSERT INTO shares_prices (share_id,time_start,time_end,price) VALUES (7,DATE_ADD(CURDATE(), INTERVAL -3 DAY),DATE_ADD(CURDATE(), INTERVAL -1 DAY),426.54);
INSERT INTO shares_prices (share_id,time_start,time_end,price) VALUES (7,DATE_ADD(CURDATE(), INTERVAL -4 DAY),DATE_ADD(CURDATE(), INTERVAL -4 DAY),360.1);
INSERT INTO shares_prices (share_id,time_start,time_end,price) VALUES (7,DATE_ADD(CURDATE(), INTERVAL -5 DAY),DATE_ADD(CURDATE(), INTERVAL -5 DAY),350.5);
INSERT INTO shares_prices (share_id,time_start,time_end,price) VALUES (7,DATE_ADD(CURDATE(), INTERVAL -6 DAY),DATE_ADD(CURDATE(), INTERVAL -6 DAY),350.5);
INSERT INTO shares_prices (share_id,time_start,time_end,price) VALUES (7,DATE_ADD(CURDATE(), INTERVAL -7 DAY),DATE_ADD(CURDATE(), INTERVAL -7 DAY),348.5);
INSERT INTO shares_prices (share_id,time_start,time_end,price) VALUES (7,DATE_ADD(CURDATE(), INTERVAL -10 DAY),DATE_ADD(CURDATE(), INTERVAL -8 DAY),350.2);
INSERT INTO shares_prices (share_id,time_start,time_end,price) VALUES (7,DATE_ADD(CURDATE(), INTERVAL -11 DAY),DATE_ADD(CURDATE(), INTERVAL -11 DAY),349.2);
INSERT INTO shares_prices (share_id,time_start,time_end,price) VALUES (7,DATE_ADD(CURDATE(), INTERVAL -12 DAY),DATE_ADD(CURDATE(), INTERVAL -12 DAY),348.7);
INSERT INTO shares_prices (share_id,time_start,time_end,price) VALUES (7,DATE_ADD(CURDATE(), INTERVAL -13 DAY),DATE_ADD(CURDATE(), INTERVAL -13 DAY),357.4);
INSERT INTO shares_prices (share_id,time_start,time_end,price) VALUES (7,DATE_ADD(CURDATE(), INTERVAL -14 DAY),DATE_ADD(CURDATE(), INTERVAL -14 DAY),362.9);
INSERT INTO shares_prices (share_id,time_start,time_end,price) VALUES (7,DATE_ADD(CURDATE(), INTERVAL -17 DAY),DATE_ADD(CURDATE(), INTERVAL -15 DAY),359.5);
INSERT INTO shares_prices (share_id,time_start,time_end,price) VALUES (7,DATE_ADD(CURDATE(), INTERVAL -18 DAY),DATE_ADD(CURDATE(), INTERVAL -18 DAY),364.1);
INSERT INTO shares_prices (share_id,time_start,time_end,price) VALUES (7,DATE_ADD(CURDATE(), INTERVAL -19 DAY),DATE_ADD(CURDATE(), INTERVAL -19 DAY),367.5);
INSERT INTO shares_prices (share_id,time_start,time_end,price) VALUES (7,DATE_ADD(CURDATE(), INTERVAL -20 DAY),DATE_ADD(CURDATE(), INTERVAL -20 DAY),373);
INSERT INTO shares_prices (share_id,time_start,time_end,price) VALUES (7,DATE_ADD(CURDATE(), INTERVAL -21 DAY),DATE_ADD(CURDATE(), INTERVAL -21 DAY),370);
INSERT INTO shares_prices (share_id,time_start,time_end,price) VALUES (7,DATE_ADD(CURDATE(), INTERVAL -24 DAY),DATE_ADD(CURDATE(), INTERVAL -22 DAY),375);
INSERT INTO shares_prices (share_id,time_start,time_end,price) VALUES (7,DATE_ADD(CURDATE(), INTERVAL -25 DAY),DATE_ADD(CURDATE(), INTERVAL -25 DAY),374.5);
INSERT INTO shares_prices (share_id,time_start,time_end,price) VALUES (7,DATE_ADD(CURDATE(), INTERVAL -26 DAY),DATE_ADD(CURDATE(), INTERVAL -26 DAY),370);
INSERT INTO shares_prices (share_id,time_start,time_end,price) VALUES (7,DATE_ADD(CURDATE(), INTERVAL -27 DAY),DATE_ADD(CURDATE(), INTERVAL -27 DAY),368.4);
INSERT INTO shares_prices (share_id,time_start,time_end,price) VALUES (7,DATE_ADD(CURDATE(), INTERVAL -28 DAY),DATE_ADD(CURDATE(), INTERVAL -28 DAY),366.8);
INSERT INTO shares_prices (share_id,time_start,time_end,price) VALUES (7,DATE_ADD(CURDATE(), INTERVAL -31 DAY),DATE_ADD(CURDATE(), INTERVAL -29 DAY),369.9);
INSERT INTO shares_prices (share_id,time_start,time_end,price) VALUES (7,DATE_ADD(CURDATE(), INTERVAL -32 DAY),DATE_ADD(CURDATE(), INTERVAL -32 DAY),372.7);
INSERT INTO shares_prices (share_id,time_start,time_end,price) VALUES (7,DATE_ADD(CURDATE(), INTERVAL -33 DAY),DATE_ADD(CURDATE(), INTERVAL -33 DAY),375);
INSERT INTO shares_prices (share_id,time_start,time_end,price) VALUES (7,DATE_ADD(CURDATE(), INTERVAL -34 DAY),DATE_ADD(CURDATE(), INTERVAL -34 DAY),367.5);
INSERT INTO shares_prices (share_id,time_start,time_end,price) VALUES (7,DATE_ADD(CURDATE(), INTERVAL -35 DAY),DATE_ADD(CURDATE(), INTERVAL -35 DAY),427.64);
INSERT INTO shares_prices (share_id,time_start,time_end,price) VALUES (7,DATE_ADD(CURDATE(), INTERVAL -38 DAY),DATE_ADD(CURDATE(), INTERVAL -36 DAY),364.7);
INSERT INTO shares_prices (share_id,time_start,time_end,price) VALUES (7,DATE_ADD(CURDATE(), INTERVAL -39 DAY),DATE_ADD(CURDATE(), INTERVAL -39 DAY),366.1);
INSERT INTO shares_prices (share_id,time_start,time_end,price) VALUES (7,DATE_ADD(CURDATE(), INTERVAL -40 DAY),DATE_ADD(CURDATE(), INTERVAL -40 DAY),370.6);
INSERT INTO shares_prices (share_id,time_start,time_end,price) VALUES (7,DATE_ADD(CURDATE(), INTERVAL -41 DAY),DATE_ADD(CURDATE(), INTERVAL -41 DAY),368.5);
INSERT INTO shares_prices (share_id,time_start,time_end,price) VALUES (7,DATE_ADD(CURDATE(), INTERVAL -42 DAY),DATE_ADD(CURDATE(), INTERVAL -42 DAY),370.2);
INSERT INTO shares_prices (share_id,time_start,time_end,price) VALUES (7,DATE_ADD(CURDATE(), INTERVAL -45 DAY),DATE_ADD(CURDATE(), INTERVAL -43 DAY),366);
INSERT INTO shares_prices (share_id,time_start,time_end,price) VALUES (7,DATE_ADD(CURDATE(), INTERVAL -46 DAY),DATE_ADD(CURDATE(), INTERVAL -46 DAY),364.6);
INSERT INTO shares_prices (share_id,time_start,time_end,price) VALUES (7,DATE_ADD(CURDATE(), INTERVAL -47 DAY),DATE_ADD(CURDATE(), INTERVAL -47 DAY),369.7);
INSERT INTO shares_prices (share_id,time_start,time_end,price) VALUES (7,DATE_ADD(CURDATE(), INTERVAL -48 DAY),DATE_ADD(CURDATE(), INTERVAL -48 DAY),371.9);
INSERT INTO shares_prices (share_id,time_start,time_end,price) VALUES (7,DATE_ADD(CURDATE(), INTERVAL -49 DAY),DATE_ADD(CURDATE(), INTERVAL -49 DAY),364.5);
INSERT INTO shares_prices (share_id,time_start,time_end,price) VALUES (7,DATE_ADD(CURDATE(), INTERVAL -52 DAY),DATE_ADD(CURDATE(), INTERVAL -50 DAY),365.3);
INSERT INTO shares_prices (share_id,time_start,time_end,price) VALUES (7,DATE_ADD(CURDATE(), INTERVAL -53 DAY),DATE_ADD(CURDATE(), INTERVAL -53 DAY),363.6);
INSERT INTO shares_prices (share_id,time_start,time_end,price) VALUES (7,DATE_ADD(CURDATE(), INTERVAL -54 DAY),DATE_ADD(CURDATE(), INTERVAL -54 DAY),363.3);
INSERT INTO shares_prices (share_id,time_start,time_end,price) VALUES (7,DATE_ADD(CURDATE(), INTERVAL -55 DAY),DATE_ADD(CURDATE(), INTERVAL -55 DAY),364.9);
INSERT INTO shares_prices (share_id,time_start,time_end,price) VALUES (7,DATE_ADD(CURDATE(), INTERVAL -56 DAY),DATE_ADD(CURDATE(), INTERVAL -56 DAY),369.6);
INSERT INTO shares_prices (share_id,time_start,time_end,price) VALUES (7,DATE_ADD(CURDATE(), INTERVAL -57 DAY),DATE_ADD(CURDATE(), INTERVAL -57 DAY),372.1);
INSERT INTO shares_prices (share_id,time_start,time_end,price) VALUES (7,DATE_ADD(CURDATE(), INTERVAL -60 DAY),DATE_ADD(CURDATE(), INTERVAL -58 DAY),369.8);
INSERT INTO shares_prices (share_id,time_start,time_end,price) VALUES (7,DATE_ADD(CURDATE(), INTERVAL -61 DAY),DATE_ADD(CURDATE(), INTERVAL -61 DAY),371.9);
INSERT INTO shares_prices (share_id,time_start,time_end,price) VALUES (7,DATE_ADD(CURDATE(), INTERVAL -62 DAY),DATE_ADD(CURDATE(), INTERVAL -62 DAY),375.2);
INSERT INTO shares_prices (share_id,time_start,time_end,price) VALUES (7,DATE_ADD(CURDATE(), INTERVAL -63 DAY),DATE_ADD(CURDATE(), INTERVAL -63 DAY),375.9);
INSERT INTO shares_prices (share_id,time_start,time_end,price) VALUES (7,DATE_ADD(CURDATE(), INTERVAL -64 DAY),DATE_ADD(CURDATE(), INTERVAL -64 DAY),367.4);
INSERT INTO shares_prices (share_id,time_start,time_end,price) VALUES (7,DATE_ADD(CURDATE(), INTERVAL -67 DAY),DATE_ADD(CURDATE(), INTERVAL -65 DAY),371);
INSERT INTO shares_prices (share_id,time_start,time_end,price) VALUES (7,DATE_ADD(CURDATE(), INTERVAL -68 DAY),DATE_ADD(CURDATE(), INTERVAL -68 DAY),369.8);
INSERT INTO shares_prices (share_id,time_start,time_end,price) VALUES (7,DATE_ADD(CURDATE(), INTERVAL -69 DAY),DATE_ADD(CURDATE(), INTERVAL -69 DAY),372);
INSERT INTO shares_prices (share_id,time_start,time_end,price) VALUES (7,DATE_ADD(CURDATE(), INTERVAL -70 DAY),DATE_ADD(CURDATE(), INTERVAL -70 DAY),377);
INSERT INTO shares_prices (share_id,time_start,time_end,price) VALUES (7,DATE_ADD(CURDATE(), INTERVAL -71 DAY),DATE_ADD(CURDATE(), INTERVAL -71 DAY),376.6);
INSERT INTO shares_prices (share_id,time_start,time_end,price) VALUES (7,DATE_ADD(CURDATE(), INTERVAL -74 DAY),DATE_ADD(CURDATE(), INTERVAL -72 DAY),381.3);
INSERT INTO shares_prices (share_id,time_start,time_end,price) VALUES (7,DATE_ADD(CURDATE(), INTERVAL -75 DAY),DATE_ADD(CURDATE(), INTERVAL -75 DAY),378.4);
INSERT INTO shares_prices (share_id,time_start,time_end,price) VALUES (7,DATE_ADD(CURDATE(), INTERVAL -76 DAY),DATE_ADD(CURDATE(), INTERVAL -76 DAY),385.9);
INSERT INTO shares_prices (share_id,time_start,time_end,price) VALUES (7,DATE_ADD(CURDATE(), INTERVAL -77 DAY),DATE_ADD(CURDATE(), INTERVAL -77 DAY),387.5);
INSERT INTO shares_prices (share_id,time_start,time_end,price) VALUES (7,DATE_ADD(CURDATE(), INTERVAL -78 DAY),DATE_ADD(CURDATE(), INTERVAL -78 DAY),391.5);
INSERT INTO shares_prices (share_id,time_start,time_end,price) VALUES (7,DATE_ADD(CURDATE(), INTERVAL -81 DAY),DATE_ADD(CURDATE(), INTERVAL -79 DAY),389);
INSERT INTO shares_prices (share_id,time_start,time_end,price) VALUES (7,DATE_ADD(CURDATE(), INTERVAL -82 DAY),DATE_ADD(CURDATE(), INTERVAL -82 DAY),388);
INSERT INTO shares_prices (share_id,time_start,time_end,price) VALUES (7,DATE_ADD(CURDATE(), INTERVAL -83 DAY),DATE_ADD(CURDATE(), INTERVAL -83 DAY),395.6);
INSERT INTO shares_prices (share_id,time_start,time_end,price) VALUES (7,DATE_ADD(CURDATE(), INTERVAL -84 DAY),DATE_ADD(CURDATE(), INTERVAL -84 DAY),395.6);
INSERT INTO shares_prices (share_id,time_start,time_end,price) VALUES (7,DATE_ADD(CURDATE(), INTERVAL -85 DAY),DATE_ADD(CURDATE(), INTERVAL -85 DAY),389.2);
INSERT INTO shares_prices (share_id,time_start,time_end,price) VALUES (7,DATE_ADD(CURDATE(), INTERVAL -88 DAY),DATE_ADD(CURDATE(), INTERVAL -86 DAY),395.9);
INSERT INTO shares_prices (share_id,time_start,time_end,price) VALUES (7,DATE_ADD(CURDATE(), INTERVAL -89 DAY),DATE_ADD(CURDATE(), INTERVAL -89 DAY),389.7);
INSERT INTO shares_prices (share_id,time_start,time_end,price) VALUES (7,DATE_ADD(CURDATE(), INTERVAL -90 DAY),DATE_ADD(CURDATE(), INTERVAL -90 DAY),387.1);
INSERT INTO shares_prices (share_id,time_start,time_end,price) VALUES (7,DATE_ADD(CURDATE(), INTERVAL -91 DAY),DATE_ADD(CURDATE(), INTERVAL -91 DAY),392.7);
INSERT INTO shares_prices (share_id,time_start,time_end,price) VALUES (7,DATE_ADD(CURDATE(), INTERVAL -92 DAY),DATE_ADD(CURDATE(), INTERVAL -92 DAY),396.4);
INSERT INTO shares_prices (share_id,time_start,time_end,price) VALUES (7,DATE_ADD(CURDATE(), INTERVAL -95 DAY),DATE_ADD(CURDATE(), INTERVAL -93 DAY),399.6);
INSERT INTO shares_prices (share_id,time_start,time_end,price) VALUES (7,DATE_ADD(CURDATE(), INTERVAL -96 DAY),DATE_ADD(CURDATE(), INTERVAL -96 DAY),393.7);
INSERT INTO shares_prices (share_id,time_start,time_end,price) VALUES (7,DATE_ADD(CURDATE(), INTERVAL -97 DAY),DATE_ADD(CURDATE(), INTERVAL -97 DAY),390);
INSERT INTO shares_prices (share_id,time_start,time_end,price) VALUES (7,DATE_ADD(CURDATE(), INTERVAL -98 DAY),DATE_ADD(CURDATE(), INTERVAL -98 DAY),391.4);
INSERT INTO shares_prices (share_id,time_start,time_end,price) VALUES (7,DATE_ADD(CURDATE(), INTERVAL -99 DAY),DATE_ADD(CURDATE(), INTERVAL -99 DAY),390.7);
INSERT INTO shares_prices (share_id,time_start,time_end,price) VALUES (7,DATE_ADD(CURDATE(), INTERVAL -102 DAY),DATE_ADD(CURDATE(), INTERVAL -100 DAY),381.9);
INSERT INTO shares_prices (share_id,time_start,time_end,price) VALUES (7,DATE_ADD(CURDATE(), INTERVAL -103 DAY),DATE_ADD(CURDATE(), INTERVAL -103 DAY),386);
INSERT INTO shares_prices (share_id,time_start,time_end,price) VALUES (7,DATE_ADD(CURDATE(), INTERVAL -104 DAY),DATE_ADD(CURDATE(), INTERVAL -104 DAY),386);
INSERT INTO shares_prices (share_id,time_start,time_end,price) VALUES (7,DATE_ADD(CURDATE(), INTERVAL -105 DAY),DATE_ADD(CURDATE(), INTERVAL -105 DAY),385.1);
INSERT INTO shares_prices (share_id,time_start,time_end,price) VALUES (7,DATE_ADD(CURDATE(), INTERVAL -106 DAY),DATE_ADD(CURDATE(), INTERVAL -106 DAY),378.5);
INSERT INTO shares_prices (share_id,time_start,time_end,price) VALUES (7,DATE_ADD(CURDATE(), INTERVAL -109 DAY),DATE_ADD(CURDATE(), INTERVAL -107 DAY),374);
INSERT INTO shares_prices (share_id,time_start,time_end,price) VALUES (7,DATE_ADD(CURDATE(), INTERVAL -110 DAY),DATE_ADD(CURDATE(), INTERVAL -110 DAY),380.2);
INSERT INTO shares_prices (share_id,time_start,time_end,price) VALUES (7,DATE_ADD(CURDATE(), INTERVAL -111 DAY),DATE_ADD(CURDATE(), INTERVAL -111 DAY),377.5);
INSERT INTO shares_prices (share_id,time_start,time_end,price) VALUES (7,DATE_ADD(CURDATE(), INTERVAL -112 DAY),DATE_ADD(CURDATE(), INTERVAL -112 DAY),379.15);
INSERT INTO shares_prices (share_id,time_start,time_end,price) VALUES (7,DATE_ADD(CURDATE(), INTERVAL -113 DAY),DATE_ADD(CURDATE(), INTERVAL -113 DAY),383.5);
INSERT INTO shares_prices (share_id,time_start,time_end,price) VALUES (7,DATE_ADD(CURDATE(), INTERVAL -116 DAY),DATE_ADD(CURDATE(), INTERVAL -114 DAY),392.45);
INSERT INTO shares_prices (share_id,time_start,time_end,price) VALUES (7,DATE_ADD(CURDATE(), INTERVAL -117 DAY),DATE_ADD(CURDATE(), INTERVAL -117 DAY),388.8);
INSERT INTO shares_prices (share_id,time_start,time_end,price) VALUES (7,DATE_ADD(CURDATE(), INTERVAL -118 DAY),DATE_ADD(CURDATE(), INTERVAL -118 DAY),389.7);
INSERT INTO shares_prices (share_id,time_start,time_end,price) VALUES (7,DATE_ADD(CURDATE(), INTERVAL -119 DAY),DATE_ADD(CURDATE(), INTERVAL -119 DAY),388);
INSERT INTO shares_prices (share_id,time_start,time_end,price) VALUES (7,DATE_ADD(CURDATE(), INTERVAL -120 DAY),DATE_ADD(CURDATE(), INTERVAL -120 DAY),395.85);
INSERT INTO shares_prices (share_id,time_start,time_end,price) VALUES (7,DATE_ADD(CURDATE(), INTERVAL -123 DAY),DATE_ADD(CURDATE(), INTERVAL -121 DAY),403.4);
INSERT INTO shares_prices (share_id,time_start,time_end,price) VALUES (7,DATE_ADD(CURDATE(), INTERVAL -124 DAY),DATE_ADD(CURDATE(), INTERVAL -124 DAY),407.35);
INSERT INTO shares_prices (share_id,time_start,time_end,price) VALUES (7,DATE_ADD(CURDATE(), INTERVAL -125 DAY),DATE_ADD(CURDATE(), INTERVAL -125 DAY),407.35);
INSERT INTO shares_prices (share_id,time_start,time_end,price) VALUES (7,DATE_ADD(CURDATE(), INTERVAL -126 DAY),DATE_ADD(CURDATE(), INTERVAL -126 DAY),408.95);
INSERT INTO shares_prices (share_id,time_start,time_end,price) VALUES (7,DATE_ADD(CURDATE(), INTERVAL -127 DAY),DATE_ADD(CURDATE(), INTERVAL -127 DAY),410.8);
INSERT INTO shares_prices (share_id,time_start,time_end,price) VALUES (7,DATE_ADD(CURDATE(), INTERVAL -130 DAY),DATE_ADD(CURDATE(), INTERVAL -128 DAY),409);
INSERT INTO shares_prices (share_id,time_start,time_end,price) VALUES (7,DATE_ADD(CURDATE(), INTERVAL -131 DAY),DATE_ADD(CURDATE(), INTERVAL -131 DAY),418.7);
INSERT INTO shares_prices (share_id,time_start,time_end,price) VALUES (7,DATE_ADD(CURDATE(), INTERVAL -132 DAY),DATE_ADD(CURDATE(), INTERVAL -132 DAY),418);
INSERT INTO shares_prices (share_id,time_start,time_end,price) VALUES (7,DATE_ADD(CURDATE(), INTERVAL -133 DAY),DATE_ADD(CURDATE(), INTERVAL -133 DAY),418.85);
INSERT INTO shares_prices (share_id,time_start,time_end,price) VALUES (7,DATE_ADD(CURDATE(), INTERVAL -134 DAY),DATE_ADD(CURDATE(), INTERVAL -134 DAY),414.55);
INSERT INTO shares_prices (share_id,time_start,time_end,price) VALUES (7,DATE_ADD(CURDATE(), INTERVAL -137 DAY),DATE_ADD(CURDATE(), INTERVAL -135 DAY),418.7);
INSERT INTO shares_prices (share_id,time_start,time_end,price) VALUES (7,DATE_ADD(CURDATE(), INTERVAL -138 DAY),DATE_ADD(CURDATE(), INTERVAL -138 DAY),425);
INSERT INTO shares_prices (share_id,time_start,time_end,price) VALUES (7,DATE_ADD(CURDATE(), INTERVAL -139 DAY),DATE_ADD(CURDATE(), INTERVAL -139 DAY),425.75);
INSERT INTO shares_prices (share_id,time_start,time_end,price) VALUES (7,DATE_ADD(CURDATE(), INTERVAL -140 DAY),DATE_ADD(CURDATE(), INTERVAL -140 DAY),429);
INSERT INTO shares_prices (share_id,time_start,time_end,price) VALUES (7,DATE_ADD(CURDATE(), INTERVAL -141 DAY),DATE_ADD(CURDATE(), INTERVAL -141 DAY),430.85);
INSERT INTO shares_prices (share_id,time_start,time_end,price) VALUES (7,DATE_ADD(CURDATE(), INTERVAL -144 DAY),DATE_ADD(CURDATE(), INTERVAL -142 DAY),423.35);
INSERT INTO shares_prices (share_id,time_start,time_end,price) VALUES (7,DATE_ADD(CURDATE(), INTERVAL -145 DAY),DATE_ADD(CURDATE(), INTERVAL -145 DAY),424.8);
INSERT INTO shares_prices (share_id,time_start,time_end,price) VALUES (7,DATE_ADD(CURDATE(), INTERVAL -146 DAY),DATE_ADD(CURDATE(), INTERVAL -146 DAY),420.5);
INSERT INTO shares_prices (share_id,time_start,time_end,price) VALUES (7,DATE_ADD(CURDATE(), INTERVAL -147 DAY),DATE_ADD(CURDATE(), INTERVAL -147 DAY),427.35);
INSERT INTO shares_prices (share_id,time_start,time_end,price) VALUES (7,DATE_ADD(CURDATE(), INTERVAL -148 DAY),DATE_ADD(CURDATE(), INTERVAL -148 DAY),428.35);
INSERT INTO shares_prices (share_id,time_start,time_end,price) VALUES (7,DATE_ADD(CURDATE(), INTERVAL -151 DAY),DATE_ADD(CURDATE(), INTERVAL -149 DAY),434.75);
INSERT INTO shares_prices (share_id,time_start,time_end,price) VALUES (7,DATE_ADD(CURDATE(), INTERVAL -152 DAY),DATE_ADD(CURDATE(), INTERVAL -152 DAY),429.3);
INSERT INTO shares_prices (share_id,time_start,time_end,price) VALUES (7,DATE_ADD(CURDATE(), INTERVAL -153 DAY),DATE_ADD(CURDATE(), INTERVAL -153 DAY),429);
INSERT INTO shares_prices (share_id,time_start,time_end,price) VALUES (7,DATE_ADD(CURDATE(), INTERVAL -154 DAY),DATE_ADD(CURDATE(), INTERVAL -154 DAY),423);
INSERT INTO shares_prices (share_id,time_start,time_end,price) VALUES (7,DATE_ADD(CURDATE(), INTERVAL -155 DAY),DATE_ADD(CURDATE(), INTERVAL -155 DAY),426.4);
INSERT INTO shares_prices (share_id,time_start,time_end,price) VALUES (7,DATE_ADD(CURDATE(), INTERVAL -158 DAY),DATE_ADD(CURDATE(), INTERVAL -156 DAY),426.15);
INSERT INTO shares_prices (share_id,time_start,time_end,price) VALUES (7,DATE_ADD(CURDATE(), INTERVAL -159 DAY),DATE_ADD(CURDATE(), INTERVAL -159 DAY),428.95);
INSERT INTO shares_prices (share_id,time_start,time_end,price) VALUES (7,DATE_ADD(CURDATE(), INTERVAL -160 DAY),DATE_ADD(CURDATE(), INTERVAL -160 DAY),433.4);
INSERT INTO shares_prices (share_id,time_start,time_end,price) VALUES (7,DATE_ADD(CURDATE(), INTERVAL -161 DAY),DATE_ADD(CURDATE(), INTERVAL -161 DAY),435.65);
INSERT INTO shares_prices (share_id,time_start,time_end,price) VALUES (7,DATE_ADD(CURDATE(), INTERVAL -162 DAY),DATE_ADD(CURDATE(), INTERVAL -162 DAY),425.45);
INSERT INTO shares_prices (share_id,time_start,time_end,price) VALUES (7,DATE_ADD(CURDATE(), INTERVAL -165 DAY),DATE_ADD(CURDATE(), INTERVAL -163 DAY),414.65);
INSERT INTO shares_prices (share_id,time_start,time_end,price) VALUES (7,DATE_ADD(CURDATE(), INTERVAL -166 DAY),DATE_ADD(CURDATE(), INTERVAL -166 DAY),419);
INSERT INTO shares_prices (share_id,time_start,time_end,price) VALUES (7,DATE_ADD(CURDATE(), INTERVAL -167 DAY),DATE_ADD(CURDATE(), INTERVAL -167 DAY),416.85);
INSERT INTO shares_prices (share_id,time_start,time_end,price) VALUES (7,DATE_ADD(CURDATE(), INTERVAL -168 DAY),DATE_ADD(CURDATE(), INTERVAL -168 DAY),418.25);
INSERT INTO shares_prices (share_id,time_start,time_end,price) VALUES (7,DATE_ADD(CURDATE(), INTERVAL -169 DAY),DATE_ADD(CURDATE(), INTERVAL -169 DAY),417.5);
INSERT INTO shares_prices (share_id,time_start,time_end,price) VALUES (7,DATE_ADD(CURDATE(), INTERVAL -171 DAY),DATE_ADD(CURDATE(), INTERVAL -170 DAY),417);
INSERT INTO shares_prices (share_id,time_start,time_end,price) VALUES (7,DATE_ADD(CURDATE(), INTERVAL -172 DAY),DATE_ADD(CURDATE(), INTERVAL -172 DAY),410);
INSERT INTO shares_prices (share_id,time_start,time_end,price) VALUES (7,DATE_ADD(CURDATE(), INTERVAL -173 DAY),DATE_ADD(CURDATE(), INTERVAL -173 DAY),406.65);
INSERT INTO shares_prices (share_id,time_start,time_end,price) VALUES (7,DATE_ADD(CURDATE(), INTERVAL -174 DAY),DATE_ADD(CURDATE(), INTERVAL -174 DAY),416.5);
INSERT INTO shares_prices (share_id,time_start,time_end,price) VALUES (7,DATE_ADD(CURDATE(), INTERVAL -175 DAY),DATE_ADD(CURDATE(), INTERVAL -175 DAY),418);
INSERT INTO shares_prices (share_id,time_start,time_end,price) VALUES (7,DATE_ADD(CURDATE(), INTERVAL -178 DAY),DATE_ADD(CURDATE(), INTERVAL -176 DAY),417.8);
INSERT INTO shares_prices (share_id,time_start,time_end,price) VALUES (7,DATE_ADD(CURDATE(), INTERVAL -179 DAY),DATE_ADD(CURDATE(), INTERVAL -179 DAY),426.95);
INSERT INTO shares_prices (share_id,time_start,time_end,price) VALUES (7,DATE_ADD(CURDATE(), INTERVAL -180 DAY),DATE_ADD(CURDATE(), INTERVAL -180 DAY),426.95);
INSERT INTO shares_prices (share_id,time_start,time_end,price) VALUES (7,DATE_ADD(CURDATE(), INTERVAL -183 DAY),DATE_ADD(CURDATE(), INTERVAL -181 DAY),427.7);
  
INSERT INTO shares_prices (share_id,time_start,time_end,price) VALUES (8,DATE_ADD(CURDATE(), INTERVAL 0 DAY),null,131.29);
INSERT INTO shares_prices (share_id,time_start,time_end,price) VALUES (8,DATE_ADD(CURDATE(), INTERVAL -3 DAY),DATE_ADD(CURDATE(), INTERVAL -1 DAY),130.27);
INSERT INTO shares_prices (share_id,time_start,time_end,price) VALUES (8,DATE_ADD(CURDATE(), INTERVAL -4 DAY),DATE_ADD(CURDATE(), INTERVAL -4 DAY),104.84);
INSERT INTO shares_prices (share_id,time_start,time_end,price) VALUES (8,DATE_ADD(CURDATE(), INTERVAL -5 DAY),DATE_ADD(CURDATE(), INTERVAL -5 DAY),101.73);
INSERT INTO shares_prices (share_id,time_start,time_end,price) VALUES (8,DATE_ADD(CURDATE(), INTERVAL -6 DAY),DATE_ADD(CURDATE(), INTERVAL -6 DAY),131.64);
INSERT INTO shares_prices (share_id,time_start,time_end,price) VALUES (8,DATE_ADD(CURDATE(), INTERVAL -7 DAY),DATE_ADD(CURDATE(), INTERVAL -7 DAY),131.67);
INSERT INTO shares_prices (share_id,time_start,time_end,price) VALUES (8,DATE_ADD(CURDATE(), INTERVAL -10 DAY),DATE_ADD(CURDATE(), INTERVAL -8 DAY),101.65);
INSERT INTO shares_prices (share_id,time_start,time_end,price) VALUES (8,DATE_ADD(CURDATE(), INTERVAL -11 DAY),DATE_ADD(CURDATE(), INTERVAL -11 DAY),100.19);
INSERT INTO shares_prices (share_id,time_start,time_end,price) VALUES (8,DATE_ADD(CURDATE(), INTERVAL -12 DAY),DATE_ADD(CURDATE(), INTERVAL -12 DAY),100.68);
INSERT INTO shares_prices (share_id,time_start,time_end,price) VALUES (8,DATE_ADD(CURDATE(), INTERVAL -13 DAY),DATE_ADD(CURDATE(), INTERVAL -13 DAY),102.08);
INSERT INTO shares_prices (share_id,time_start,time_end,price) VALUES (8,DATE_ADD(CURDATE(), INTERVAL -14 DAY),DATE_ADD(CURDATE(), INTERVAL -14 DAY),100.83);
INSERT INTO shares_prices (share_id,time_start,time_end,price) VALUES (8,DATE_ADD(CURDATE(), INTERVAL -17 DAY),DATE_ADD(CURDATE(), INTERVAL -15 DAY),103.62);
INSERT INTO shares_prices (share_id,time_start,time_end,price) VALUES (8,DATE_ADD(CURDATE(), INTERVAL -18 DAY),DATE_ADD(CURDATE(), INTERVAL -18 DAY),103.25);
INSERT INTO shares_prices (share_id,time_start,time_end,price) VALUES (8,DATE_ADD(CURDATE(), INTERVAL -19 DAY),DATE_ADD(CURDATE(), INTERVAL -19 DAY),107.22);
INSERT INTO shares_prices (share_id,time_start,time_end,price) VALUES (8,DATE_ADD(CURDATE(), INTERVAL -20 DAY),DATE_ADD(CURDATE(), INTERVAL -20 DAY),110.64);
INSERT INTO shares_prices (share_id,time_start,time_end,price) VALUES (8,DATE_ADD(CURDATE(), INTERVAL -21 DAY),DATE_ADD(CURDATE(), INTERVAL -21 DAY),115.42);
INSERT INTO shares_prices (share_id,time_start,time_end,price) VALUES (8,DATE_ADD(CURDATE(), INTERVAL -24 DAY),DATE_ADD(CURDATE(), INTERVAL -22 DAY),116.44);
INSERT INTO shares_prices (share_id,time_start,time_end,price) VALUES (8,DATE_ADD(CURDATE(), INTERVAL -25 DAY),DATE_ADD(CURDATE(), INTERVAL -25 DAY),117.04);
INSERT INTO shares_prices (share_id,time_start,time_end,price) VALUES (8,DATE_ADD(CURDATE(), INTERVAL -26 DAY),DATE_ADD(CURDATE(), INTERVAL -26 DAY),115.57);
INSERT INTO shares_prices (share_id,time_start,time_end,price) VALUES (8,DATE_ADD(CURDATE(), INTERVAL -27 DAY),DATE_ADD(CURDATE(), INTERVAL -27 DAY),117.06);
INSERT INTO shares_prices (share_id,time_start,time_end,price) VALUES (8,DATE_ADD(CURDATE(), INTERVAL -28 DAY),DATE_ADD(CURDATE(), INTERVAL -28 DAY),117.64);
INSERT INTO shares_prices (share_id,time_start,time_end,price) VALUES (8,DATE_ADD(CURDATE(), INTERVAL -31 DAY),DATE_ADD(CURDATE(), INTERVAL -29 DAY),117.63);
INSERT INTO shares_prices (share_id,time_start,time_end,price) VALUES (8,DATE_ADD(CURDATE(), INTERVAL -32 DAY),DATE_ADD(CURDATE(), INTERVAL -32 DAY),117.28);
INSERT INTO shares_prices (share_id,time_start,time_end,price) VALUES (8,DATE_ADD(CURDATE(), INTERVAL -33 DAY),DATE_ADD(CURDATE(), INTERVAL -33 DAY),117.26);
INSERT INTO shares_prices (share_id,time_start,time_end,price) VALUES (8,DATE_ADD(CURDATE(), INTERVAL -34 DAY),DATE_ADD(CURDATE(), INTERVAL -34 DAY),117.86);
INSERT INTO shares_prices (share_id,time_start,time_end,price) VALUES (8,DATE_ADD(CURDATE(), INTERVAL -35 DAY),DATE_ADD(CURDATE(), INTERVAL -35 DAY),117.93);
INSERT INTO shares_prices (share_id,time_start,time_end,price) VALUES (8,DATE_ADD(CURDATE(), INTERVAL -38 DAY),DATE_ADD(CURDATE(), INTERVAL -36 DAY),119.92);
INSERT INTO shares_prices (share_id,time_start,time_end,price) VALUES (8,DATE_ADD(CURDATE(), INTERVAL -39 DAY),DATE_ADD(CURDATE(), INTERVAL -39 DAY),119.6);
INSERT INTO shares_prices (share_id,time_start,time_end,price) VALUES (8,DATE_ADD(CURDATE(), INTERVAL -40 DAY),DATE_ADD(CURDATE(), INTERVAL -40 DAY),118.47);
INSERT INTO shares_prices (share_id,time_start,time_end,price) VALUES (8,DATE_ADD(CURDATE(), INTERVAL -41 DAY),DATE_ADD(CURDATE(), INTERVAL -41 DAY),117.38);
INSERT INTO shares_prices (share_id,time_start,time_end,price) VALUES (8,DATE_ADD(CURDATE(), INTERVAL -42 DAY),DATE_ADD(CURDATE(), INTERVAL -42 DAY),119.33);
INSERT INTO shares_prices (share_id,time_start,time_end,price) VALUES (8,DATE_ADD(CURDATE(), INTERVAL -45 DAY),DATE_ADD(CURDATE(), INTERVAL -43 DAY),118.7);
INSERT INTO shares_prices (share_id,time_start,time_end,price) VALUES (8,DATE_ADD(CURDATE(), INTERVAL -46 DAY),DATE_ADD(CURDATE(), INTERVAL -46 DAY),117.79);
INSERT INTO shares_prices (share_id,time_start,time_end,price) VALUES (8,DATE_ADD(CURDATE(), INTERVAL -47 DAY),DATE_ADD(CURDATE(), INTERVAL -47 DAY),119.29);
INSERT INTO shares_prices (share_id,time_start,time_end,price) VALUES (8,DATE_ADD(CURDATE(), INTERVAL -48 DAY),DATE_ADD(CURDATE(), INTERVAL -48 DAY),119.58);
INSERT INTO shares_prices (share_id,time_start,time_end,price) VALUES (8,DATE_ADD(CURDATE(), INTERVAL -49 DAY),DATE_ADD(CURDATE(), INTERVAL -49 DAY),118.57);
INSERT INTO shares_prices (share_id,time_start,time_end,price) VALUES (8,DATE_ADD(CURDATE(), INTERVAL -52 DAY),DATE_ADD(CURDATE(), INTERVAL -50 DAY),116.86);
INSERT INTO shares_prices (share_id,time_start,time_end,price) VALUES (8,DATE_ADD(CURDATE(), INTERVAL -53 DAY),DATE_ADD(CURDATE(), INTERVAL -53 DAY),117.63);
INSERT INTO shares_prices (share_id,time_start,time_end,price) VALUES (8,DATE_ADD(CURDATE(), INTERVAL -54 DAY),DATE_ADD(CURDATE(), INTERVAL -54 DAY),118.57);
INSERT INTO shares_prices (share_id,time_start,time_end,price) VALUES (8,DATE_ADD(CURDATE(), INTERVAL -55 DAY),DATE_ADD(CURDATE(), INTERVAL -55 DAY),118.95);
INSERT INTO shares_prices (share_id,time_start,time_end,price) VALUES (8,DATE_ADD(CURDATE(), INTERVAL -56 DAY),DATE_ADD(CURDATE(), INTERVAL -56 DAY),119.9);
INSERT INTO shares_prices (share_id,time_start,time_end,price) VALUES (8,DATE_ADD(CURDATE(), INTERVAL -57 DAY),DATE_ADD(CURDATE(), INTERVAL -57 DAY),119.32);
INSERT INTO shares_prices (share_id,time_start,time_end,price) VALUES (8,DATE_ADD(CURDATE(), INTERVAL -60 DAY),DATE_ADD(CURDATE(), INTERVAL -58 DAY),118.83);
INSERT INTO shares_prices (share_id,time_start,time_end,price) VALUES (8,DATE_ADD(CURDATE(), INTERVAL -61 DAY),DATE_ADD(CURDATE(), INTERVAL -61 DAY),119.47);
INSERT INTO shares_prices (share_id,time_start,time_end,price) VALUES (8,DATE_ADD(CURDATE(), INTERVAL -62 DAY),DATE_ADD(CURDATE(), INTERVAL -62 DAY),119.43);
INSERT INTO shares_prices (share_id,time_start,time_end,price) VALUES (8,DATE_ADD(CURDATE(), INTERVAL -63 DAY),DATE_ADD(CURDATE(), INTERVAL -63 DAY),118.22);
INSERT INTO shares_prices (share_id,time_start,time_end,price) VALUES (8,DATE_ADD(CURDATE(), INTERVAL -64 DAY),DATE_ADD(CURDATE(), INTERVAL -64 DAY),118.05);
INSERT INTO shares_prices (share_id,time_start,time_end,price) VALUES (8,DATE_ADD(CURDATE(), INTERVAL -67 DAY),DATE_ADD(CURDATE(), INTERVAL -65 DAY),116.69);
INSERT INTO shares_prices (share_id,time_start,time_end,price) VALUES (8,DATE_ADD(CURDATE(), INTERVAL -68 DAY),DATE_ADD(CURDATE(), INTERVAL -68 DAY),116.09);
INSERT INTO shares_prices (share_id,time_start,time_end,price) VALUES (8,DATE_ADD(CURDATE(), INTERVAL -69 DAY),DATE_ADD(CURDATE(), INTERVAL -69 DAY),116.33);
INSERT INTO shares_prices (share_id,time_start,time_end,price) VALUES (8,DATE_ADD(CURDATE(), INTERVAL -70 DAY),DATE_ADD(CURDATE(), INTERVAL -70 DAY),117.46);
INSERT INTO shares_prices (share_id,time_start,time_end,price) VALUES (8,DATE_ADD(CURDATE(), INTERVAL -71 DAY),DATE_ADD(CURDATE(), INTERVAL -71 DAY),117.16);
INSERT INTO shares_prices (share_id,time_start,time_end,price) VALUES (8,DATE_ADD(CURDATE(), INTERVAL -74 DAY),DATE_ADD(CURDATE(), INTERVAL -72 DAY),116.76);
INSERT INTO shares_prices (share_id,time_start,time_end,price) VALUES (8,DATE_ADD(CURDATE(), INTERVAL -75 DAY),DATE_ADD(CURDATE(), INTERVAL -75 DAY),117.67);
INSERT INTO shares_prices (share_id,time_start,time_end,price) VALUES (8,DATE_ADD(CURDATE(), INTERVAL -76 DAY),DATE_ADD(CURDATE(), INTERVAL -76 DAY),118.05);
INSERT INTO shares_prices (share_id,time_start,time_end,price) VALUES (8,DATE_ADD(CURDATE(), INTERVAL -77 DAY),DATE_ADD(CURDATE(), INTERVAL -77 DAY),118.88);
INSERT INTO shares_prices (share_id,time_start,time_end,price) VALUES (8,DATE_ADD(CURDATE(), INTERVAL -78 DAY),DATE_ADD(CURDATE(), INTERVAL -78 DAY),119.35);
INSERT INTO shares_prices (share_id,time_start,time_end,price) VALUES (8,DATE_ADD(CURDATE(), INTERVAL -81 DAY),DATE_ADD(CURDATE(), INTERVAL -79 DAY),121.82);
INSERT INTO shares_prices (share_id,time_start,time_end,price) VALUES (8,DATE_ADD(CURDATE(), INTERVAL -82 DAY),DATE_ADD(CURDATE(), INTERVAL -82 DAY),121.88);
INSERT INTO shares_prices (share_id,time_start,time_end,price) VALUES (8,DATE_ADD(CURDATE(), INTERVAL -83 DAY),DATE_ADD(CURDATE(), INTERVAL -83 DAY),122.11);
INSERT INTO shares_prices (share_id,time_start,time_end,price) VALUES (8,DATE_ADD(CURDATE(), INTERVAL -84 DAY),DATE_ADD(CURDATE(), INTERVAL -84 DAY),121.57);
INSERT INTO shares_prices (share_id,time_start,time_end,price) VALUES (8,DATE_ADD(CURDATE(), INTERVAL -85 DAY),DATE_ADD(CURDATE(), INTERVAL -85 DAY),121.61);
INSERT INTO shares_prices (share_id,time_start,time_end,price) VALUES (8,DATE_ADD(CURDATE(), INTERVAL -88 DAY),DATE_ADD(CURDATE(), INTERVAL -86 DAY),120.82);
INSERT INTO shares_prices (share_id,time_start,time_end,price) VALUES (8,DATE_ADD(CURDATE(), INTERVAL -89 DAY),DATE_ADD(CURDATE(), INTERVAL -89 DAY),120.94);
INSERT INTO shares_prices (share_id,time_start,time_end,price) VALUES (8,DATE_ADD(CURDATE(), INTERVAL -90 DAY),DATE_ADD(CURDATE(), INTERVAL -90 DAY),121.08);
INSERT INTO shares_prices (share_id,time_start,time_end,price) VALUES (8,DATE_ADD(CURDATE(), INTERVAL -91 DAY),DATE_ADD(CURDATE(), INTERVAL -91 DAY),119.33);
INSERT INTO shares_prices (share_id,time_start,time_end,price) VALUES (8,DATE_ADD(CURDATE(), INTERVAL -92 DAY),DATE_ADD(CURDATE(), INTERVAL -92 DAY),118.81);
INSERT INTO shares_prices (share_id,time_start,time_end,price) VALUES (8,DATE_ADD(CURDATE(), INTERVAL -95 DAY),DATE_ADD(CURDATE(), INTERVAL -93 DAY),119.61);
INSERT INTO shares_prices (share_id,time_start,time_end,price) VALUES (8,DATE_ADD(CURDATE(), INTERVAL -96 DAY),DATE_ADD(CURDATE(), INTERVAL -96 DAY),117.9);
INSERT INTO shares_prices (share_id,time_start,time_end,price) VALUES (8,DATE_ADD(CURDATE(), INTERVAL -97 DAY),DATE_ADD(CURDATE(), INTERVAL -97 DAY),119.02);
INSERT INTO shares_prices (share_id,time_start,time_end,price) VALUES (8,DATE_ADD(CURDATE(), INTERVAL -98 DAY),DATE_ADD(CURDATE(), INTERVAL -98 DAY),119.75);
INSERT INTO shares_prices (share_id,time_start,time_end,price) VALUES (8,DATE_ADD(CURDATE(), INTERVAL -99 DAY),DATE_ADD(CURDATE(), INTERVAL -99 DAY),121.35);
INSERT INTO shares_prices (share_id,time_start,time_end,price) VALUES (8,DATE_ADD(CURDATE(), INTERVAL -102 DAY),DATE_ADD(CURDATE(), INTERVAL -100 DAY),122.78);
INSERT INTO shares_prices (share_id,time_start,time_end,price) VALUES (8,DATE_ADD(CURDATE(), INTERVAL -103 DAY),DATE_ADD(CURDATE(), INTERVAL -103 DAY),122.29);
INSERT INTO shares_prices (share_id,time_start,time_end,price) VALUES (8,DATE_ADD(CURDATE(), INTERVAL -104 DAY),DATE_ADD(CURDATE(), INTERVAL -104 DAY),125.93);
INSERT INTO shares_prices (share_id,time_start,time_end,price) VALUES (8,DATE_ADD(CURDATE(), INTERVAL -105 DAY),DATE_ADD(CURDATE(), INTERVAL -105 DAY),127.04);
INSERT INTO shares_prices (share_id,time_start,time_end,price) VALUES (8,DATE_ADD(CURDATE(), INTERVAL -106 DAY),DATE_ADD(CURDATE(), INTERVAL -106 DAY),127.02);
INSERT INTO shares_prices (share_id,time_start,time_end,price) VALUES (8,DATE_ADD(CURDATE(), INTERVAL -109 DAY),DATE_ADD(CURDATE(), INTERVAL -107 DAY),128.35);
INSERT INTO shares_prices (share_id,time_start,time_end,price) VALUES (8,DATE_ADD(CURDATE(), INTERVAL -110 DAY),DATE_ADD(CURDATE(), INTERVAL -110 DAY),127.98);
INSERT INTO shares_prices (share_id,time_start,time_end,price) VALUES (8,DATE_ADD(CURDATE(), INTERVAL -111 DAY),DATE_ADD(CURDATE(), INTERVAL -111 DAY),121.64);
INSERT INTO shares_prices (share_id,time_start,time_end,price) VALUES (8,DATE_ADD(CURDATE(), INTERVAL -112 DAY),DATE_ADD(CURDATE(), INTERVAL -112 DAY),123.06);
INSERT INTO shares_prices (share_id,time_start,time_end,price) VALUES (8,DATE_ADD(CURDATE(), INTERVAL -113 DAY),DATE_ADD(CURDATE(), INTERVAL -113 DAY),122.82);
INSERT INTO shares_prices (share_id,time_start,time_end,price) VALUES (8,DATE_ADD(CURDATE(), INTERVAL -116 DAY),DATE_ADD(CURDATE(), INTERVAL -114 DAY),120.87);
INSERT INTO shares_prices (share_id,time_start,time_end,price) VALUES (8,DATE_ADD(CURDATE(), INTERVAL -117 DAY),DATE_ADD(CURDATE(), INTERVAL -117 DAY),122.69);
INSERT INTO shares_prices (share_id,time_start,time_end,price) VALUES (8,DATE_ADD(CURDATE(), INTERVAL -118 DAY),DATE_ADD(CURDATE(), INTERVAL -118 DAY),120.36);
INSERT INTO shares_prices (share_id,time_start,time_end,price) VALUES (8,DATE_ADD(CURDATE(), INTERVAL -119 DAY),DATE_ADD(CURDATE(), INTERVAL -119 DAY),120.11);
INSERT INTO shares_prices (share_id,time_start,time_end,price) VALUES (8,DATE_ADD(CURDATE(), INTERVAL -120 DAY),DATE_ADD(CURDATE(), INTERVAL -120 DAY),120.65);
INSERT INTO shares_prices (share_id,time_start,time_end,price) VALUES (8,DATE_ADD(CURDATE(), INTERVAL -123 DAY),DATE_ADD(CURDATE(), INTERVAL -121 DAY),121.5);
INSERT INTO shares_prices (share_id,time_start,time_end,price) VALUES (8,DATE_ADD(CURDATE(), INTERVAL -124 DAY),DATE_ADD(CURDATE(), INTERVAL -124 DAY),122.87);
INSERT INTO shares_prices (share_id,time_start,time_end,price) VALUES (8,DATE_ADD(CURDATE(), INTERVAL -125 DAY),DATE_ADD(CURDATE(), INTERVAL -125 DAY),120.61);
INSERT INTO shares_prices (share_id,time_start,time_end,price) VALUES (8,DATE_ADD(CURDATE(), INTERVAL -126 DAY),DATE_ADD(CURDATE(), INTERVAL -126 DAY),120.56);
INSERT INTO shares_prices (share_id,time_start,time_end,price) VALUES (8,DATE_ADD(CURDATE(), INTERVAL -127 DAY),DATE_ADD(CURDATE(), INTERVAL -127 DAY),121.16);
INSERT INTO shares_prices (share_id,time_start,time_end,price) VALUES (8,DATE_ADD(CURDATE(), INTERVAL -130 DAY),DATE_ADD(CURDATE(), INTERVAL -128 DAY),121.29);
INSERT INTO shares_prices (share_id,time_start,time_end,price) VALUES (8,DATE_ADD(CURDATE(), INTERVAL -131 DAY),DATE_ADD(CURDATE(), INTERVAL -131 DAY),123.1);
INSERT INTO shares_prices (share_id,time_start,time_end,price) VALUES (8,DATE_ADD(CURDATE(), INTERVAL -132 DAY),DATE_ADD(CURDATE(), INTERVAL -132 DAY),123.49);
INSERT INTO shares_prices (share_id,time_start,time_end,price) VALUES (8,DATE_ADD(CURDATE(), INTERVAL -133 DAY),DATE_ADD(CURDATE(), INTERVAL -133 DAY),126);
INSERT INTO shares_prices (share_id,time_start,time_end,price) VALUES (8,DATE_ADD(CURDATE(), INTERVAL -134 DAY),DATE_ADD(CURDATE(), INTERVAL -134 DAY),126.91);
INSERT INTO shares_prices (share_id,time_start,time_end,price) VALUES (8,DATE_ADD(CURDATE(), INTERVAL -137 DAY),DATE_ADD(CURDATE(), INTERVAL -135 DAY),127.19);
INSERT INTO shares_prices (share_id,time_start,time_end,price) VALUES (8,DATE_ADD(CURDATE(), INTERVAL -138 DAY),DATE_ADD(CURDATE(), INTERVAL -138 DAY),126.26);
INSERT INTO shares_prices (share_id,time_start,time_end,price) VALUES (8,DATE_ADD(CURDATE(), INTERVAL -139 DAY),DATE_ADD(CURDATE(), INTERVAL -139 DAY),127.03);
INSERT INTO shares_prices (share_id,time_start,time_end,price) VALUES (8,DATE_ADD(CURDATE(), INTERVAL -140 DAY),DATE_ADD(CURDATE(), INTERVAL -140 DAY),128.21);
INSERT INTO shares_prices (share_id,time_start,time_end,price) VALUES (8,DATE_ADD(CURDATE(), INTERVAL -141 DAY),DATE_ADD(CURDATE(), INTERVAL -141 DAY),128.63);
INSERT INTO shares_prices (share_id,time_start,time_end,price) VALUES (8,DATE_ADD(CURDATE(), INTERVAL -144 DAY),DATE_ADD(CURDATE(), INTERVAL -142 DAY),128.15);
INSERT INTO shares_prices (share_id,time_start,time_end,price) VALUES (8,DATE_ADD(CURDATE(), INTERVAL -145 DAY),DATE_ADD(CURDATE(), INTERVAL -145 DAY),127.54);
INSERT INTO shares_prices (share_id,time_start,time_end,price) VALUES (8,DATE_ADD(CURDATE(), INTERVAL -146 DAY),DATE_ADD(CURDATE(), INTERVAL -146 DAY),126.96);
INSERT INTO shares_prices (share_id,time_start,time_end,price) VALUES (8,DATE_ADD(CURDATE(), INTERVAL -147 DAY),DATE_ADD(CURDATE(), INTERVAL -147 DAY),128.2);
INSERT INTO shares_prices (share_id,time_start,time_end,price) VALUES (8,DATE_ADD(CURDATE(), INTERVAL -148 DAY),DATE_ADD(CURDATE(), INTERVAL -148 DAY),127.93);
INSERT INTO shares_prices (share_id,time_start,time_end,price) VALUES (8,DATE_ADD(CURDATE(), INTERVAL -151 DAY),DATE_ADD(CURDATE(), INTERVAL -149 DAY),127.28);
INSERT INTO shares_prices (share_id,time_start,time_end,price) VALUES (8,DATE_ADD(CURDATE(), INTERVAL -152 DAY),DATE_ADD(CURDATE(), INTERVAL -152 DAY),125.7);
INSERT INTO shares_prices (share_id,time_start,time_end,price) VALUES (8,DATE_ADD(CURDATE(), INTERVAL -153 DAY),DATE_ADD(CURDATE(), INTERVAL -153 DAY),126.35);
INSERT INTO shares_prices (share_id,time_start,time_end,price) VALUES (8,DATE_ADD(CURDATE(), INTERVAL -154 DAY),DATE_ADD(CURDATE(), INTERVAL -154 DAY),127.94);
INSERT INTO shares_prices (share_id,time_start,time_end,price) VALUES (8,DATE_ADD(CURDATE(), INTERVAL -155 DAY),DATE_ADD(CURDATE(), INTERVAL -155 DAY),127.21);
INSERT INTO shares_prices (share_id,time_start,time_end,price) VALUES (8,DATE_ADD(CURDATE(), INTERVAL -158 DAY),DATE_ADD(CURDATE(), INTERVAL -156 DAY),127.55);
INSERT INTO shares_prices (share_id,time_start,time_end,price) VALUES (8,DATE_ADD(CURDATE(), INTERVAL -159 DAY),DATE_ADD(CURDATE(), INTERVAL -159 DAY),127.25);
INSERT INTO shares_prices (share_id,time_start,time_end,price) VALUES (8,DATE_ADD(CURDATE(), INTERVAL -160 DAY),DATE_ADD(CURDATE(), INTERVAL -160 DAY),127.04);
INSERT INTO shares_prices (share_id,time_start,time_end,price) VALUES (8,DATE_ADD(CURDATE(), INTERVAL -161 DAY),DATE_ADD(CURDATE(), INTERVAL -161 DAY),126.8);
INSERT INTO shares_prices (share_id,time_start,time_end,price) VALUES (8,DATE_ADD(CURDATE(), INTERVAL -162 DAY),DATE_ADD(CURDATE(), INTERVAL -162 DAY),128.39);
INSERT INTO shares_prices (share_id,time_start,time_end,price) VALUES (8,DATE_ADD(CURDATE(), INTERVAL -165 DAY),DATE_ADD(CURDATE(), INTERVAL -163 DAY),129.34);
INSERT INTO shares_prices (share_id,time_start,time_end,price) VALUES (8,DATE_ADD(CURDATE(), INTERVAL -166 DAY),DATE_ADD(CURDATE(), INTERVAL -166 DAY),129.68);
INSERT INTO shares_prices (share_id,time_start,time_end,price) VALUES (8,DATE_ADD(CURDATE(), INTERVAL -167 DAY),DATE_ADD(CURDATE(), INTERVAL -167 DAY),129.93);
INSERT INTO shares_prices (share_id,time_start,time_end,price) VALUES (8,DATE_ADD(CURDATE(), INTERVAL -168 DAY),DATE_ADD(CURDATE(), INTERVAL -168 DAY),128.49);
INSERT INTO shares_prices (share_id,time_start,time_end,price) VALUES (8,DATE_ADD(CURDATE(), INTERVAL -169 DAY),DATE_ADD(CURDATE(), INTERVAL -169 DAY),128.71);
INSERT INTO shares_prices (share_id,time_start,time_end,price) VALUES (8,DATE_ADD(CURDATE(), INTERVAL -171 DAY),DATE_ADD(CURDATE(), INTERVAL -170 DAY),127.4);
INSERT INTO shares_prices (share_id,time_start,time_end,price) VALUES (8,DATE_ADD(CURDATE(), INTERVAL -172 DAY),DATE_ADD(CURDATE(), INTERVAL -172 DAY),127.91);
INSERT INTO shares_prices (share_id,time_start,time_end,price) VALUES (8,DATE_ADD(CURDATE(), INTERVAL -173 DAY),DATE_ADD(CURDATE(), INTERVAL -173 DAY),128.65);
INSERT INTO shares_prices (share_id,time_start,time_end,price) VALUES (8,DATE_ADD(CURDATE(), INTERVAL -174 DAY),DATE_ADD(CURDATE(), INTERVAL -174 DAY),129.93);
INSERT INTO shares_prices (share_id,time_start,time_end,price) VALUES (8,DATE_ADD(CURDATE(), INTERVAL -175 DAY),DATE_ADD(CURDATE(), INTERVAL -175 DAY),130);
INSERT INTO shares_prices (share_id,time_start,time_end,price) VALUES (8,DATE_ADD(CURDATE(), INTERVAL -178 DAY),DATE_ADD(CURDATE(), INTERVAL -176 DAY),130.57);
INSERT INTO shares_prices (share_id,time_start,time_end,price) VALUES (8,DATE_ADD(CURDATE(), INTERVAL -179 DAY),DATE_ADD(CURDATE(), INTERVAL -179 DAY),132.31);
INSERT INTO shares_prices (share_id,time_start,time_end,price) VALUES (8,DATE_ADD(CURDATE(), INTERVAL -180 DAY),DATE_ADD(CURDATE(), INTERVAL -180 DAY),131.85);

SET SQL_SAFE_UPDATES = 0;
UPDATE shares_prices SET time_start = ADDTIME(time_start, '9:00'); 
UPDATE shares_prices SET time_end = ADDTIME(time_end, '18:00'); 

-- INSERT INTO trades (trade_id,share_id,broker_id,stock_ex_id,transaction_time,share_amount,price_total) VALUES (86,1,1,3,DATE_ADD(NOW(), INTERVAL -470 DAY),20000,19400000);
INSERT INTO trades (trade_id,share_id,broker_id,stock_ex_id,transaction_time,share_amount,price_total) VALUES (85,1,1,3,DATE_ADD(NOW(), INTERVAL 0 DAY),20000,19400000);
INSERT INTO trades (trade_id,share_id,broker_id,stock_ex_id,transaction_time,share_amount,price_total) VALUES (84,5,2,2,DATE_ADD(NOW(), INTERVAL -1 DAY),6150,328693);
INSERT INTO trades (trade_id,share_id,broker_id,stock_ex_id,transaction_time,share_amount,price_total) VALUES (83,4,1,2,DATE_ADD(NOW(), INTERVAL -2 DAY),5849,29134);
INSERT INTO trades (trade_id,share_id,broker_id,stock_ex_id,transaction_time,share_amount,price_total) VALUES (82,3,1,3,DATE_ADD(NOW(), INTERVAL -3 DAY),4223,27069.43);
INSERT INTO trades (trade_id,share_id,broker_id,stock_ex_id,transaction_time,share_amount,price_total) VALUES (81,2,5,1,DATE_ADD(NOW(), INTERVAL -4 DAY),3706,82191.75);
INSERT INTO trades (trade_id,share_id,broker_id,stock_ex_id,transaction_time,share_amount,price_total) VALUES (80,1,1,3,DATE_ADD(NOW(), INTERVAL -5 DAY),150,71305.5);
INSERT INTO trades (trade_id,share_id,broker_id,stock_ex_id,transaction_time,share_amount,price_total) VALUES (79,1,1,3,DATE_ADD(NOW(), INTERVAL -6 DAY),2000,348250);
INSERT INTO trades (trade_id,share_id,broker_id,stock_ex_id,transaction_time,share_amount,price_total) VALUES (78,3,2,2,DATE_ADD(CURDATE(), INTERVAL -7 DAY),12000,2745000);
UPDATE trades SET transaction_time = ADDTIME(transaction_time, '17:55:43') WHERE trade_id = 78; 
INSERT INTO trades (trade_id,share_id,broker_id,stock_ex_id,transaction_time,share_amount,price_total) VALUES (77,3,2,2,DATE_ADD(CURDATE(), INTERVAL -7 DAY),3500,885700);
UPDATE trades SET transaction_time = ADDTIME(transaction_time, '17:10:22') WHERE trade_id = 77; 
INSERT INTO trades (trade_id,share_id,broker_id,stock_ex_id,transaction_time,share_amount,price_total) VALUES (76,4,1,3,DATE_ADD(CURDATE(), INTERVAL -7 DAY),3000,915000);
UPDATE trades SET transaction_time = ADDTIME(transaction_time, '15:55:11') WHERE trade_id = 76; 
INSERT INTO trades (trade_id,share_id,broker_id,stock_ex_id,transaction_time,share_amount,price_total) VALUES (75,5,1,1,DATE_ADD(CURDATE(), INTERVAL -7 DAY),7000,1830000);
UPDATE trades SET transaction_time = ADDTIME(transaction_time, '13:40:27') WHERE trade_id = 75; 
INSERT INTO trades (trade_id,share_id,broker_id,stock_ex_id,transaction_time,share_amount,price_total) VALUES (74,7,5,2,DATE_ADD(CURDATE(), INTERVAL -7 DAY),10000,2107890);
UPDATE trades SET transaction_time = ADDTIME(transaction_time, '11:31:50') WHERE trade_id = 74; 
INSERT INTO trades (trade_id,share_id,broker_id,stock_ex_id,transaction_time,share_amount,price_total) VALUES (73,8,3,3,DATE_ADD(CURDATE(), INTERVAL -7 DAY),5000,347654);
UPDATE trades SET transaction_time = ADDTIME(transaction_time, '09:15:30') WHERE trade_id = 73;
INSERT INTO trades (trade_id,share_id,broker_id,stock_ex_id,transaction_time,share_amount,price_total) VALUES (72,7,1,1,DATE_ADD(NOW(), INTERVAL -11 DAY),854,312564);
INSERT INTO trades (trade_id,share_id,broker_id,stock_ex_id,transaction_time,share_amount,price_total) VALUES (71,3,1,3,DATE_ADD(NOW(), INTERVAL -13 DAY),5000,42500);
INSERT INTO trades (trade_id,share_id,broker_id,stock_ex_id,transaction_time,share_amount,price_total) VALUES (70,1,1,3,DATE_ADD(NOW(), INTERVAL -19 DAY),3000,1395000);
INSERT INTO trades (trade_id,share_id,broker_id,stock_ex_id,transaction_time,share_amount,price_total) VALUES (69,8,1,1,DATE_ADD(NOW(), INTERVAL -24 DAY),10,1200);
INSERT INTO trades (trade_id,share_id,broker_id,stock_ex_id,transaction_time,share_amount,price_total) VALUES (68,5,1,2,DATE_ADD(NOW(), INTERVAL -28 DAY),6049,317572.5);
INSERT INTO trades (trade_id,share_id,broker_id,stock_ex_id,transaction_time,share_amount,price_total) VALUES (67,1,3,3,DATE_ADD(NOW(), INTERVAL -31 DAY),1000,478000);
INSERT INTO trades (trade_id,share_id,broker_id,stock_ex_id,transaction_time,share_amount,price_total) VALUES (66,1,1,3,DATE_ADD(NOW(), INTERVAL -35 DAY),1250,662500);
INSERT INTO trades (trade_id,share_id,broker_id,stock_ex_id,transaction_time,share_amount,price_total) VALUES (65,4,1,3,DATE_ADD(NOW(), INTERVAL -40 DAY),344,29240);
INSERT INTO trades (trade_id,share_id,broker_id,stock_ex_id,transaction_time,share_amount,price_total) VALUES (64,1,1,3,DATE_ADD(NOW(), INTERVAL -45 DAY),10230,4557190);
INSERT INTO trades (trade_id,share_id,broker_id,stock_ex_id,transaction_time,share_amount,price_total) VALUES (63,1,3,3,DATE_ADD(NOW(), INTERVAL -49 DAY),500,290000);
INSERT INTO trades (trade_id,share_id,broker_id,stock_ex_id,transaction_time,share_amount,price_total) VALUES (62,2,1,1,DATE_ADD(NOW(), INTERVAL -53 DAY),444,89910);
INSERT INTO trades (trade_id,share_id,broker_id,stock_ex_id,transaction_time,share_amount,price_total) VALUES (61,1,1,3,DATE_ADD(NOW(), INTERVAL -56 DAY),75000,35090000);
INSERT INTO trades (trade_id,share_id,broker_id,stock_ex_id,transaction_time,share_amount,price_total) VALUES (60,2,2,1,DATE_ADD(NOW(), INTERVAL -60 DAY),25000,6350000);
INSERT INTO trades (trade_id,share_id,broker_id,stock_ex_id,transaction_time,share_amount,price_total) VALUES (59,8,2,1,DATE_ADD(NOW(), INTERVAL -64 DAY),25000,3000000);
INSERT INTO trades (trade_id,share_id,broker_id,stock_ex_id,transaction_time,share_amount,price_total) VALUES (58,8,2,1,DATE_ADD(NOW(), INTERVAL -70 DAY),1543,185468.6);
INSERT INTO trades (trade_id,share_id,broker_id,stock_ex_id,transaction_time,share_amount,price_total) VALUES (57,7,2,1,DATE_ADD(NOW(), INTERVAL -75 DAY),8523,3272832);
INSERT INTO trades (trade_id,share_id,broker_id,stock_ex_id,transaction_time,share_amount,price_total) VALUES (56,7,2,1,DATE_ADD(NOW(), INTERVAL -81 DAY),45600,18652680);
INSERT INTO trades (trade_id,share_id,broker_id,stock_ex_id,transaction_time,share_amount,price_total) VALUES (55,2,2,1,DATE_ADD(NOW(), INTERVAL -84 DAY),2342,519104.3);
INSERT INTO trades (trade_id,share_id,broker_id,stock_ex_id,transaction_time,share_amount,price_total) VALUES (54,1,1,3,DATE_ADD(NOW(), INTERVAL -89 DAY),20000,9965800);
INSERT INTO trades (trade_id,share_id,broker_id,stock_ex_id,transaction_time,share_amount,price_total) VALUES (53,7,5,3,DATE_ADD(NOW(), INTERVAL -90 DAY),21000,2000000);
INSERT INTO trades (trade_id,share_id,broker_id,stock_ex_id,transaction_time,share_amount,price_total) VALUES (52,7,5,2,DATE_ADD(NOW(), INTERVAL -91 DAY),27000,3000000);
INSERT INTO trades (trade_id,share_id,broker_id,stock_ex_id,transaction_time,share_amount,price_total) VALUES (51,3,1,3,DATE_ADD(NOW(), INTERVAL -95 DAY),4223,33338);
INSERT INTO trades (trade_id,share_id,broker_id,stock_ex_id,transaction_time,share_amount,price_total) VALUES (50,1,1,3,DATE_ADD(NOW(), INTERVAL -98 DAY),150,73950);
INSERT INTO trades (trade_id,share_id,broker_id,stock_ex_id,transaction_time,share_amount,price_total) VALUES (49,7,1,1,DATE_ADD(NOW(), INTERVAL -102 DAY),854,326236.54);
INSERT INTO trades (trade_id,share_id,broker_id,stock_ex_id,transaction_time,share_amount,price_total) VALUES (48,3,1,3,DATE_ADD(NOW(), INTERVAL -105 DAY),5000,46550);
INSERT INTO trades (trade_id,share_id,broker_id,stock_ex_id,transaction_time,share_amount,price_total) VALUES (47,1,1,3,DATE_ADD(NOW(), INTERVAL -110 DAY),3000,1552920);
INSERT INTO trades (trade_id,share_id,broker_id,stock_ex_id,transaction_time,share_amount,price_total) VALUES (46,8,1,1,DATE_ADD(NOW(), INTERVAL -113 DAY),10,1200);
INSERT INTO trades (trade_id,share_id,broker_id,stock_ex_id,transaction_time,share_amount,price_total) VALUES (45,5,1,2,DATE_ADD(NOW(), INTERVAL -119 DAY),6049,324226.4);
INSERT INTO trades (trade_id,share_id,broker_id,stock_ex_id,transaction_time,share_amount,price_total) VALUES (44,1,3,3,DATE_ADD(NOW(), INTERVAL -123 DAY),1000,551270);
INSERT INTO trades (trade_id,share_id,broker_id,stock_ex_id,transaction_time,share_amount,price_total) VALUES (43,1,1,3,DATE_ADD(NOW(), INTERVAL -126 DAY),1250,692500);
INSERT INTO trades (trade_id,share_id,broker_id,stock_ex_id,transaction_time,share_amount,price_total) VALUES (42,4,1,3,DATE_ADD(NOW(), INTERVAL -130 DAY),344,27864);
INSERT INTO trades (trade_id,share_id,broker_id,stock_ex_id,transaction_time,share_amount,price_total) VALUES (41,1,1,3,DATE_ADD(NOW(), INTERVAL -132 DAY),10230,5657190);
INSERT INTO trades (trade_id,share_id,broker_id,stock_ex_id,transaction_time,share_amount,price_total) VALUES (40,1,3,3,DATE_ADD(NOW(), INTERVAL -133 DAY),500,290000);
INSERT INTO trades (trade_id,share_id,broker_id,stock_ex_id,transaction_time,share_amount,price_total) VALUES (39,2,1,1,DATE_ADD(NOW(), INTERVAL -137 DAY),444,189910);
INSERT INTO trades (trade_id,share_id,broker_id,stock_ex_id,transaction_time,share_amount,price_total) VALUES (38,1,1,3,DATE_ADD(NOW(), INTERVAL -140 DAY),75000,43390000);
INSERT INTO trades (trade_id,share_id,broker_id,stock_ex_id,transaction_time,share_amount,price_total) VALUES (37,2,2,1,DATE_ADD(NOW(), INTERVAL -141 DAY),24000,4950000);
INSERT INTO trades (trade_id,share_id,broker_id,stock_ex_id,transaction_time,share_amount,price_total) VALUES (36,8,2,1,DATE_ADD(NOW(), INTERVAL -144 DAY),25000,3203750);
INSERT INTO trades (trade_id,share_id,broker_id,stock_ex_id,transaction_time,share_amount,price_total) VALUES (35,8,2,1,DATE_ADD(NOW(), INTERVAL -147 DAY),1543,198468.6);
INSERT INTO trades (trade_id,share_id,broker_id,stock_ex_id,transaction_time,share_amount,price_total) VALUES (34,7,3,1,DATE_ADD(NOW(), INTERVAL -151 DAY),8523,3772832);
INSERT INTO trades (trade_id,share_id,broker_id,stock_ex_id,transaction_time,share_amount,price_total) VALUES (33,7,3,1,DATE_ADD(NOW(), INTERVAL -154 DAY),45600,19352680);
INSERT INTO trades (trade_id,share_id,broker_id,stock_ex_id,transaction_time,share_amount,price_total) VALUES (32,2,2,1,DATE_ADD(NOW(), INTERVAL -158 DAY),2342,644980);
INSERT INTO trades (trade_id,share_id,broker_id,stock_ex_id,transaction_time,share_amount,price_total) VALUES (31,2,4,1,DATE_ADD(NOW(), INTERVAL -161 DAY),50000,10116000);
INSERT INTO trades (trade_id,share_id,broker_id,stock_ex_id,transaction_time,share_amount,price_total) VALUES (30,8,2,1,DATE_ADD(NOW(), INTERVAL -165 DAY),25000,3235000);
INSERT INTO trades (trade_id,share_id,broker_id,stock_ex_id,transaction_time,share_amount,price_total) VALUES (29,8,4,1,DATE_ADD(NOW(), INTERVAL -168 DAY),1543,198468.6);
INSERT INTO trades (trade_id,share_id,broker_id,stock_ex_id,transaction_time,share_amount,price_total) VALUES (28,7,2,1,DATE_ADD(NOW(), INTERVAL -171 DAY),8523,3572832);
INSERT INTO trades (trade_id,share_id,broker_id,stock_ex_id,transaction_time,share_amount,price_total) VALUES (27,7,5,1,DATE_ADD(NOW(), INTERVAL -172 DAY),45600,18696680);
INSERT INTO trades (trade_id,share_id,broker_id,stock_ex_id,transaction_time,share_amount,price_total) VALUES (26,2,1,1,DATE_ADD(NOW(), INTERVAL -175 DAY),2342,449980);
INSERT INTO trades (trade_id,share_id,broker_id,stock_ex_id,transaction_time,share_amount,price_total) VALUES (25,1,3,3,DATE_ADD(NOW(), INTERVAL -178 DAY),3452,2063913.6);
INSERT INTO trades (trade_id,share_id,broker_id,stock_ex_id,transaction_time,share_amount,price_total) VALUES (24,3,4,3,DATE_ADD(NOW(), INTERVAL -180 DAY),84260,1047116.8);
INSERT INTO trades (trade_id,share_id,broker_id,stock_ex_id,transaction_time,share_amount,price_total) VALUES (23,1,1,3,DATE_ADD(NOW(), INTERVAL -183 DAY),256,153672.3);
INSERT INTO trades (trade_id,share_id,broker_id,stock_ex_id,transaction_time,share_amount,price_total) VALUES (22,3,2,3,DATE_ADD(NOW(), INTERVAL -186 DAY),9531,116863.7);
INSERT INTO trades (trade_id,share_id,broker_id,stock_ex_id,transaction_time,share_amount,price_total) VALUES (21,1,5,3,DATE_ADD(NOW(), INTERVAL -190 DAY),1024,636309.1);
INSERT INTO trades (trade_id,share_id,broker_id,stock_ex_id,transaction_time,share_amount,price_total) VALUES (20,1,5,3,DATE_ADD(NOW(), INTERVAL -220 DAY),800,503843.04);
INSERT INTO trades (trade_id,share_id,broker_id,stock_ex_id,transaction_time,share_amount,price_total) VALUES (19,2,4,3,DATE_ADD(NOW(), INTERVAL -230 DAY),500,95481);
INSERT INTO trades (trade_id,share_id,broker_id,stock_ex_id,transaction_time,share_amount,price_total) VALUES (18,3,3,3,DATE_ADD(NOW(), INTERVAL -240 DAY),10000,129883);
INSERT INTO trades (trade_id,share_id,broker_id,stock_ex_id,transaction_time,share_amount,price_total) VALUES (17,4,2,2,DATE_ADD(NOW(), INTERVAL -250 DAY),500,42987.05);
INSERT INTO trades (trade_id,share_id,broker_id,stock_ex_id,transaction_time,share_amount,price_total) VALUES (16,1,1,2,DATE_ADD(NOW(), INTERVAL -260 DAY),7500,4769337.75);
INSERT INTO trades (trade_id,share_id,broker_id,stock_ex_id,transaction_time,share_amount,price_total) VALUES (15,2,5,2,DATE_ADD(NOW(), INTERVAL -270 DAY),4500,849132);
INSERT INTO trades (trade_id,share_id,broker_id,stock_ex_id,transaction_time,share_amount,price_total) VALUES (14,3,4,1,DATE_ADD(NOW(), INTERVAL -280 DAY),50000,657140);
INSERT INTO trades (trade_id,share_id,broker_id,stock_ex_id,transaction_time,share_amount,price_total) VALUES (13,4,3,1,DATE_ADD(NOW(), INTERVAL -290 DAY),1100,92668.07);
INSERT INTO trades (trade_id,share_id,broker_id,stock_ex_id,transaction_time,share_amount,price_total) VALUES (12,1,2,1,DATE_ADD(NOW(), INTERVAL -300 DAY),3500,2265454.10);
INSERT INTO trades (trade_id,share_id,broker_id,stock_ex_id,transaction_time,share_amount,price_total) VALUES (11,2,1,3,DATE_ADD(NOW(), INTERVAL -310 DAY),7100,1306101.8);
INSERT INTO trades (trade_id,share_id,broker_id,stock_ex_id,transaction_time,share_amount,price_total) VALUES (10,3,7,3,DATE_ADD(NOW(), INTERVAL -320 DAY),30000,399537);
INSERT INTO trades (trade_id,share_id,broker_id,stock_ex_id,transaction_time,share_amount,price_total) VALUES (9,4,7,3,DATE_ADD(NOW(), INTERVAL -330 DAY),2500,209321.75);
INSERT INTO trades (trade_id,share_id,broker_id,stock_ex_id,transaction_time,share_amount,price_total) VALUES (8,1,5,2,DATE_ADD(NOW(), INTERVAL -340 DAY),3100,2017177.75);
INSERT INTO trades (trade_id,share_id,broker_id,stock_ex_id,transaction_time,share_amount,price_total) VALUES (7,2,4,2,DATE_ADD(NOW(), INTERVAL -350 DAY),250,45551.75);
INSERT INTO trades (trade_id,share_id,broker_id,stock_ex_id,transaction_time,share_amount,price_total) VALUES (6,3,3,1,DATE_ADD(NOW(), INTERVAL -360 DAY),45000,600232.50);
INSERT INTO trades (trade_id,share_id,broker_id,stock_ex_id,transaction_time,share_amount,price_total) VALUES (5,2,7,1,DATE_ADD(CURDATE(), INTERVAL -364 DAY),1750,1562078.78);
UPDATE trades SET transaction_time = ADDTIME(transaction_time, '17:14:47') WHERE trade_id = 5; 
INSERT INTO trades (trade_id,share_id,broker_id,stock_ex_id,transaction_time,share_amount,price_total) VALUES (4,2,3,2,DATE_ADD(CURDATE(), INTERVAL -365 DAY),3500,3124157.55);
UPDATE trades SET transaction_time = ADDTIME(transaction_time, '17:10:22') WHERE trade_id = 4; 
INSERT INTO trades (trade_id,share_id,broker_id,stock_ex_id,transaction_time,share_amount,price_total) VALUES (3,4,2,3,DATE_ADD(NOW(), INTERVAL -370 DAY),5000,422351.5);
INSERT INTO trades (trade_id,share_id,broker_id,stock_ex_id,transaction_time,share_amount,price_total) VALUES (2,1,7,3,DATE_ADD(NOW(), INTERVAL -380 DAY),1490,982177.31);
INSERT INTO trades (trade_id,share_id,broker_id,stock_ex_id,transaction_time,share_amount,price_total) VALUES (1,1,7,3,DATE_ADD(NOW(), INTERVAL -390 DAY),500,330825.70);

COMMIT;
/*
-- the following records would include another broker named John Smith with 34 trades, to help understand the query from slide 14 in Module 11
INSERT INTO brokers (broker_id,first_name,last_name) VALUES (16,'John','Smith');
INSERT INTO trades (trade_id,share_id,broker_id,stock_ex_id,transaction_time,share_amount,price_total) VALUES (119,1,16,3,DATE_ADD(NOW(), INTERVAL 0 DAY),20000,19400000);
INSERT INTO trades (trade_id,share_id,broker_id,stock_ex_id,transaction_time,share_amount,price_total) VALUES (118,4,16,2,DATE_ADD(NOW(), INTERVAL -2 DAY),5849,29134);
INSERT INTO trades (trade_id,share_id,broker_id,stock_ex_id,transaction_time,share_amount,price_total) VALUES (117,3,16,3,DATE_ADD(NOW(), INTERVAL -3 DAY),4223,27069.43);
INSERT INTO trades (trade_id,share_id,broker_id,stock_ex_id,transaction_time,share_amount,price_total) VALUES (116,1,16,3,DATE_ADD(NOW(), INTERVAL -5 DAY),150,71305.5);
INSERT INTO trades (trade_id,share_id,broker_id,stock_ex_id,transaction_time,share_amount,price_total) VALUES (115,1,16,3,DATE_ADD(NOW(), INTERVAL -6 DAY),2000,348250);
INSERT INTO trades (trade_id,share_id,broker_id,stock_ex_id,transaction_time,share_amount,price_total) VALUES (114,4,16,3,DATE_ADD(CURDATE(), INTERVAL -7 DAY),3000,915000);
UPDATE trades SET transaction_time = ADDTIME(transaction_time, '15:55:11') WHERE trade_id = 114; 
INSERT INTO trades (trade_id,share_id,broker_id,stock_ex_id,transaction_time,share_amount,price_total) VALUES (113,5,16,1,DATE_ADD(CURDATE(), INTERVAL -7 DAY),7000,1830000);
UPDATE trades SET transaction_time = ADDTIME(transaction_time, '13:40:27') WHERE trade_id = 113; 
INSERT INTO trades (trade_id,share_id,broker_id,stock_ex_id,transaction_time,share_amount,price_total) VALUES (112,7,16,1,DATE_ADD(NOW(), INTERVAL -11 DAY),854,312564);
INSERT INTO trades (trade_id,share_id,broker_id,stock_ex_id,transaction_time,share_amount,price_total) VALUES (111,3,16,3,DATE_ADD(NOW(), INTERVAL -13 DAY),5000,42500);
INSERT INTO trades (trade_id,share_id,broker_id,stock_ex_id,transaction_time,share_amount,price_total) VALUES (110,1,16,3,DATE_ADD(NOW(), INTERVAL -19 DAY),3000,1395000);
INSERT INTO trades (trade_id,share_id,broker_id,stock_ex_id,transaction_time,share_amount,price_total) VALUES (109,8,16,1,DATE_ADD(NOW(), INTERVAL -24 DAY),10,1200);
INSERT INTO trades (trade_id,share_id,broker_id,stock_ex_id,transaction_time,share_amount,price_total) VALUES (108,5,16,2,DATE_ADD(NOW(), INTERVAL -28 DAY),6049,317572.5);
INSERT INTO trades (trade_id,share_id,broker_id,stock_ex_id,transaction_time,share_amount,price_total) VALUES (107,1,16,3,DATE_ADD(NOW(), INTERVAL -35 DAY),1250,662500);
INSERT INTO trades (trade_id,share_id,broker_id,stock_ex_id,transaction_time,share_amount,price_total) VALUES (106,4,16,3,DATE_ADD(NOW(), INTERVAL -40 DAY),344,29240);
INSERT INTO trades (trade_id,share_id,broker_id,stock_ex_id,transaction_time,share_amount,price_total) VALUES (105,1,16,3,DATE_ADD(NOW(), INTERVAL -45 DAY),10230,4557190);
INSERT INTO trades (trade_id,share_id,broker_id,stock_ex_id,transaction_time,share_amount,price_total) VALUES (104,2,16,1,DATE_ADD(NOW(), INTERVAL -53 DAY),444,89910);
INSERT INTO trades (trade_id,share_id,broker_id,stock_ex_id,transaction_time,share_amount,price_total) VALUES (103,1,16,3,DATE_ADD(NOW(), INTERVAL -56 DAY),75000,35090000);
INSERT INTO trades (trade_id,share_id,broker_id,stock_ex_id,transaction_time,share_amount,price_total) VALUES (102,1,16,3,DATE_ADD(NOW(), INTERVAL -89 DAY),20000,9965800);
INSERT INTO trades (trade_id,share_id,broker_id,stock_ex_id,transaction_time,share_amount,price_total) VALUES (101,3,16,3,DATE_ADD(NOW(), INTERVAL -95 DAY),4223,33338);
INSERT INTO trades (trade_id,share_id,broker_id,stock_ex_id,transaction_time,share_amount,price_total) VALUES (100,1,16,3,DATE_ADD(NOW(), INTERVAL -98 DAY),150,73950);
INSERT INTO trades (trade_id,share_id,broker_id,stock_ex_id,transaction_time,share_amount,price_total) VALUES (99,7,16,1,DATE_ADD(NOW(), INTERVAL -102 DAY),854,326236.54);
INSERT INTO trades (trade_id,share_id,broker_id,stock_ex_id,transaction_time,share_amount,price_total) VALUES (98,3,16,3,DATE_ADD(NOW(), INTERVAL -105 DAY),5000,46550);
INSERT INTO trades (trade_id,share_id,broker_id,stock_ex_id,transaction_time,share_amount,price_total) VALUES (97,1,16,3,DATE_ADD(NOW(), INTERVAL -110 DAY),3000,1552920);
INSERT INTO trades (trade_id,share_id,broker_id,stock_ex_id,transaction_time,share_amount,price_total) VALUES (96,8,16,1,DATE_ADD(NOW(), INTERVAL -113 DAY),10,1200);
INSERT INTO trades (trade_id,share_id,broker_id,stock_ex_id,transaction_time,share_amount,price_total) VALUES (95,5,16,2,DATE_ADD(NOW(), INTERVAL -119 DAY),6049,324226.4);
INSERT INTO trades (trade_id,share_id,broker_id,stock_ex_id,transaction_time,share_amount,price_total) VALUES (94,1,16,3,DATE_ADD(NOW(), INTERVAL -126 DAY),1250,692500);
INSERT INTO trades (trade_id,share_id,broker_id,stock_ex_id,transaction_time,share_amount,price_total) VALUES (93,4,16,3,DATE_ADD(NOW(), INTERVAL -130 DAY),344,27864);
INSERT INTO trades (trade_id,share_id,broker_id,stock_ex_id,transaction_time,share_amount,price_total) VALUES (92,1,16,3,DATE_ADD(NOW(), INTERVAL -132 DAY),10230,5657190);
INSERT INTO trades (trade_id,share_id,broker_id,stock_ex_id,transaction_time,share_amount,price_total) VALUES (91,2,16,1,DATE_ADD(NOW(), INTERVAL -137 DAY),444,189910);
INSERT INTO trades (trade_id,share_id,broker_id,stock_ex_id,transaction_time,share_amount,price_total) VALUES (90,1,16,3,DATE_ADD(NOW(), INTERVAL -140 DAY),75000,43390000);
INSERT INTO trades (trade_id,share_id,broker_id,stock_ex_id,transaction_time,share_amount,price_total) VALUES (89,2,16,1,DATE_ADD(NOW(), INTERVAL -175 DAY),2342,449980);
INSERT INTO trades (trade_id,share_id,broker_id,stock_ex_id,transaction_time,share_amount,price_total) VALUES (88,1,16,3,DATE_ADD(NOW(), INTERVAL -183 DAY),256,153672.3);
INSERT INTO trades (trade_id,share_id,broker_id,stock_ex_id,transaction_time,share_amount,price_total) VALUES (87,1,16,2,DATE_ADD(NOW(), INTERVAL -260 DAY),7500,4769337.75);
INSERT INTO trades (trade_id,share_id,broker_id,stock_ex_id,transaction_time,share_amount,price_total) VALUES (86,2,16,3,DATE_ADD(NOW(), INTERVAL -310 DAY),7100,1306101.8);

COMMIT;
*/

